Name,Category,RaceName,Event,Location,Rank,Date,ResultUrl
Cédric Andrin Kaifer,Knaben U11 JG 2014 / 2015,Silvesterrennen Hoch-Ybrig 2024,Animation Riesenslalom,Hoch Ybrig,21,2024-12-20,https://www.swiss-ski-kwo.ch/tk/ranglisten/2025/1372.pdf
Lars Stöckenius,Knaben U11 JG 2014 / 2015,Silvesterrennen Hoch-Ybrig 2024,Animation Riesenslalom,Hoch Ybrig,16,2024-12-20,https://www.swiss-ski-kwo.ch/tk/ranglisten/2025/1372.pdf
Till Stöckenius,Knaben U11 JG 2014 / 2015,Silvesterrennen Hoch-Ybrig 2024,Animation Riesenslalom,Hoch Ybrig,13,2024-12-20,https://www.swiss-ski-kwo.ch/tk/ranglisten/2025/1372.pdf
Anna Denecke,U12,"14. Internationales Jugendskirennen ""Silvano Beltrametti""",Riesenslalom Samstag,Lenzerheide,15,2024-12-21,https://www.swiss-ski-kwo.ch/tk/ranglisten/2025/1409.pdf
Benjamin Baumgartner,U9,"14. Internationales Jugendskirennen ""Silvano Beltrametti""",Riesenslalom Samstag,Lenzerheide,18,2024-12-21,https://www.swiss-ski-kwo.ch/tk/ranglisten/2025/1409.pdf
Elisa Baumgartner,U12,"14. Internationales Jugendskirennen ""Silvano Beltrametti""",Riesenslalom Samstag,Lenzerheide,6,2024-12-21,https://www.swiss-ski-kwo.ch/tk/ranglisten/2025/1409.pdf
Lars Stöckenius,U10,"14. Internationales Jugendskirennen ""Silvano Beltrametti""",Riesenslalom Samstag,Lenzerheide,7,2024-12-21,https://www.swiss-ski-kwo.ch/tk/ranglisten/2025/1409.pdf
Liam Rossi,U12,"14. Internationales Jugendskirennen ""Silvano Beltrametti""",Riesenslalom Samstag,Lenzerheide,36,2024-12-21,https://www.swiss-ski-kwo.ch/tk/ranglisten/2025/1409.pdf
Silvan Hensch,U11,"14. Internationales Jugendskirennen ""Silvano Beltrametti""",Riesenslalom Samstag,Lenzerheide,DNF,2024-12-21,https://www.swiss-ski-kwo.ch/tk/ranglisten/2025/1409.pdf
Till Stöckenius,U11,"14. Internationales Jugendskirennen ""Silvano Beltrametti""",Riesenslalom Samstag,Lenzerheide,23,2024-12-21,https://www.swiss-ski-kwo.ch/tk/ranglisten/2025/1409.pdf
Baumgartner Melicia,MU14,Einsiedler Combi-Race 1,Combi-Race,Hoch-Ybrig,2,2024-12-21,https://www.swiss-ski-kwo.ch/tk/ranglisten/2025/1368.pdf
Börlin Mael,KU12,Einsiedler Combi-Race 1,Combi-Race,Hoch-Ybrig,4,2024-12-21,https://www.swiss-ski-kwo.ch/tk/ranglisten/2025/1368.pdf
Hensch Pascal,KU14,Einsiedler Combi-Race 1,Combi-Race,Hoch-Ybrig,6,2024-12-21,https://www.swiss-ski-kwo.ch/tk/ranglisten/2025/1368.pdf
Roshardt Aliyah,MU16,Einsiedler Combi-Race 1,Combi-Race,Hoch-Ybrig,DNS,2024-12-21,https://www.swiss-ski-kwo.ch/tk/ranglisten/2025/1368.pdf
Simmerle Finn,KU16,Einsiedler Combi-Race 1,Combi-Race,Hoch-Ybrig,6,2024-12-21,https://www.swiss-ski-kwo.ch/tk/ranglisten/2025/1368.pdf
Aliyah Roshardt,MU16,Einsiedler Combi-Race 2,Combi-Race,Hoch-Ybrig,1,2024-12-21,https://www.swiss-ski-kwo.ch/tk/ranglisten/2025/1369.pdf
Finn Simmerle,KU16,Einsiedler Combi-Race 2,Combi-Race,Hoch-Ybrig,5,2024-12-21,https://www.swiss-ski-kwo.ch/tk/ranglisten/2025/1369.pdf
Mael Börlin,KU12,Einsiedler Combi-Race 2,Combi-Race,Hoch-Ybrig,3,2024-12-21,https://www.swiss-ski-kwo.ch/tk/ranglisten/2025/1369.pdf
Melicia Baumgartner,MU14,Einsiedler Combi-Race 2,Combi-Race,Hoch-Ybrig,1,2024-12-21,https://www.swiss-ski-kwo.ch/tk/ranglisten/2025/1369.pdf
Pascal Hensch,KU14,Einsiedler Combi-Race 2,Combi-Race,Hoch-Ybrig,7,2024-12-21,https://www.swiss-ski-kwo.ch/tk/ranglisten/2025/1369.pdf
Aliyah Roshardt,Mädchen U16,Living Circle-CUP 2025,CR1,Hoch-Ybrig,100,2024-12-21,https://www.swiss-ski-kwo.ch/tk/ranglisten/2025/1401.pdf
Aliyah Roshardt,Mädchen U16,Living Circle-CUP 2025,CR2,Hoch-Ybrig,45,2024-12-21,https://www.swiss-ski-kwo.ch/tk/ranglisten/2025/1401.pdf
Elisa Baumgartner,Mädchen U12,Living Circle-CUP 2025,CR1,Hoch-Ybrig,35,2024-12-21,https://www.swiss-ski-kwo.ch/tk/ranglisten/2025/1401.pdf
Elisa Baumgartner,Mädchen U12,Living Circle-CUP 2025,CR2,Hoch-Ybrig,50,2024-12-21,https://www.swiss-ski-kwo.ch/tk/ranglisten/2025/1401.pdf
Finn Simmerle,Knaben U16,Living Circle-CUP 2025,CR1,Hoch-Ybrig,40,2024-12-21,https://www.swiss-ski-kwo.ch/tk/ranglisten/2025/1401.pdf
Mael Börlin,Knaben U12,Living Circle-CUP 2025,CR1,Hoch-Ybrig,50,2024-12-21,https://www.swiss-ski-kwo.ch/tk/ranglisten/2025/1401.pdf
Mael Börlin,Knaben U12,Living Circle-CUP 2025,CR2,Hoch-Ybrig,60,2024-12-21,https://www.swiss-ski-kwo.ch/tk/ranglisten/2025/1401.pdf
Melicia Baumgartner,Mädchen U14,Living Circle-CUP 2025,CR1,Hoch-Ybrig,80,2024-12-21,https://www.swiss-ski-kwo.ch/tk/ranglisten/2025/1401.pdf
Melicia Baumgartner,Mädchen U14,Living Circle-CUP 2025,CR2,Hoch-Ybrig,100,2024-12-21,https://www.swiss-ski-kwo.ch/tk/ranglisten/2025/1401.pdf
Pascal Hensch,Knaben U14,Living Circle-CUP 2025,CR1,Hoch-Ybrig,40,2024-12-21,https://www.swiss-ski-kwo.ch/tk/ranglisten/2025/1401.pdf
Pascal Hensch,Knaben U14,Living Circle-CUP 2025,CR2,Hoch-Ybrig,35,2024-12-21,https://www.swiss-ski-kwo.ch/tk/ranglisten/2025/1401.pdf
Anna Seiler,U14,"14. Internationales Jugendskirennen ""Silvano Beltrametti""",Riesenslalom Sonntag,Lenzerheide,38,2024-12-22,https://www.swiss-ski-kwo.ch/tk/ranglisten/2025/1410.pdf
Finn Simmerle,U16,"14. Internationales Jugendskirennen ""Silvano Beltrametti""",Riesenslalom Sonntag,Lenzerheide,DNF,2024-12-22,https://www.swiss-ski-kwo.ch/tk/ranglisten/2025/1410.pdf
Justin Janssen,U16,"14. Internationales Jugendskirennen ""Silvano Beltrametti""",Riesenslalom Sonntag,Lenzerheide,35,2024-12-22,https://www.swiss-ski-kwo.ch/tk/ranglisten/2025/1410.pdf
Louis Seiler,U16,"14. Internationales Jugendskirennen ""Silvano Beltrametti""",Riesenslalom Sonntag,Lenzerheide,36,2024-12-22,https://www.swiss-ski-kwo.ch/tk/ranglisten/2025/1410.pdf
Melicia Baumgartner,U14,"14. Internationales Jugendskirennen ""Silvano Beltrametti""",Riesenslalom Sonntag,Lenzerheide,9,2024-12-22,https://www.swiss-ski-kwo.ch/tk/ranglisten/2025/1410.pdf
Nevio Sturzenegger,U16,"14. Internationales Jugendskirennen ""Silvano Beltrametti""",Riesenslalom Sonntag,Lenzerheide,DNF,2024-12-22,https://www.swiss-ski-kwo.ch/tk/ranglisten/2025/1410.pdf
Pascal Hensch,U14,"14. Internationales Jugendskirennen ""Silvano Beltrametti""",Riesenslalom Sonntag,Lenzerheide,39,2024-12-22,https://www.swiss-ski-kwo.ch/tk/ranglisten/2025/1410.pdf
Anna Seiler,Mädchen U14,Living Circle-CUP 2025,RS,Hoch-Ybrig,30,2024-12-31,https://www.swiss-ski-kwo.ch/tk/ranglisten/2025/1401.pdf
Luis Leihener,Junioren U18/U21,Living Circle-CUP 2025,RS,Hoch-Ybrig,26,2024-12-31,https://www.swiss-ski-kwo.ch/tk/ranglisten/2025/1401.pdf
Aliyah Roshardt,MU16,Silvesterrennen JORVB,Riesenslalom,Hoch-Ybrig,7,2024-12-31,https://www.swiss-ski-kwo.ch/tk/ranglisten/2025/1371.pdf
Chiara Luana Kaifer,MU12,Silvesterrennen JORVB,Riesenslalom,Hoch-Ybrig,9,2024-12-31,https://www.swiss-ski-kwo.ch/tk/ranglisten/2025/1371.pdf
Leihener Luis,HU18 + HU21,Silvesterrennen REGC,Riesenslalom,Hoch-Ybrig,6,2024-12-31,https://www.swiss-ski-kwo.ch/tk/ranglisten/2025/1370.pdf
Mael Börlin,Knaben U13,19. Appenzeller Raiffeisen Kinderskirennen Kombination,Kombination,"Ebenalp, Skilift Chlus",4,2025-01-04,https://www.swiss-ski-kwo.ch/tk/ranglisten/2025/1352.pdf
Mael Börlin,Knaben U13,19. Appenzeller Raiffeisen Kinderskirennen Riesenslalom,Riesenslalom,"Ebenalp, Skilift Chlus",5,2025-01-04,https://www.swiss-ski-kwo.ch/tk/ranglisten/2025/1352.pdf
Mael Börlin,Knaben U13,19. Appenzeller Raiffeisen Kinderskirennen Slalom,Slalom,"Ebenalp, Skilift Chlus",4,2025-01-04,https://www.swiss-ski-kwo.ch/tk/ranglisten/2025/1352.pdf
Finn Simmerle,U16 Knaben,OSSV ALTHERR TRUCKS & VANS JO CUP 1,Slalom 1. Rennen,Wildhaus,10,2025-01-05,https://www.swiss-ski-kwo.ch/tk/ranglisten/2025/1094.pdf
Finn Simmerle,U16 Knaben,OSSV ALTHERR TRUCKS & VANS JO CUP 2,Slalom 2. Rennen,Wildhaus,13,2025-01-05,https://www.swiss-ski-kwo.ch/tk/ranglisten/2025/1095.pdf
Emma Artho,Mädchen U14,Living Circle-CUP 2025,RS,Obersaxen,14,2025-01-11,https://www.swiss-ski-kwo.ch/tk/ranglisten/2025/1401.pdf
Liam Rossi,Knaben U12,Living Circle-CUP 2025,RS,Obersaxen,40,2025-01-11,https://www.swiss-ski-kwo.ch/tk/ranglisten/2025/1401.pdf
Louis Seiler,Knaben U16,Living Circle-CUP 2025,RS,Obersaxen,80,2025-01-11,https://www.swiss-ski-kwo.ch/tk/ranglisten/2025/1401.pdf
Artho Emma,U14,Zürileu Rennen 2025 - ZSV Living Circle Cup,Riesenslalom,Obersaxen,24,2025-01-11,https://www.swiss-ski-kwo.ch/tk/ranglisten/2025/1373.pdf
Baumgartner Elisa,U12,Zürileu Rennen 2025 - ZSV Living Circle Cup,Riesenslalom,Obersaxen,8,2025-01-11,https://www.swiss-ski-kwo.ch/tk/ranglisten/2025/1373.pdf
Baumgartner Melicia,U14,Zürileu Rennen 2025 - ZSV Living Circle Cup,Riesenslalom,Obersaxen,5,2025-01-11,https://www.swiss-ski-kwo.ch/tk/ranglisten/2025/1373.pdf
Benjamin Baumgartner,U9,Zürileu Rennen 2025 - ZSV Living Circle Cup,Riesenslalom,Obersaxen,6,2025-01-11,https://www.swiss-ski-kwo.ch/tk/ranglisten/2025/1374.pdf
Börlin Mael,U12,Zürileu Rennen 2025 - ZSV Living Circle Cup,Riesenslalom,Obersaxen,6,2025-01-11,https://www.swiss-ski-kwo.ch/tk/ranglisten/2025/1373.pdf
Cédric Andrin Kaifer,U11,Zürileu Rennen 2025 - ZSV Living Circle Cup,Riesenslalom,Obersaxen,21,2025-01-11,https://www.swiss-ski-kwo.ch/tk/ranglisten/2025/1374.pdf
Emil Czermak,U11,Zürileu Rennen 2025 - ZSV Living Circle Cup,Riesenslalom,Obersaxen,31,2025-01-11,https://www.swiss-ski-kwo.ch/tk/ranglisten/2025/1374.pdf
Fuhrer Ramon,U14,Zürileu Rennen 2025 - ZSV Living Circle Cup,Riesenslalom,Obersaxen,40,2025-01-11,https://www.swiss-ski-kwo.ch/tk/ranglisten/2025/1373.pdf
Hensch Pascal,U14,Zürileu Rennen 2025 - ZSV Living Circle Cup,Riesenslalom,Obersaxen,24,2025-01-11,https://www.swiss-ski-kwo.ch/tk/ranglisten/2025/1373.pdf
Janssen Justin,U16,Zürileu Rennen 2025 - ZSV Living Circle Cup,Riesenslalom,Obersaxen,11,2025-01-11,https://www.swiss-ski-kwo.ch/tk/ranglisten/2025/1373.pdf
Kaifer Chiara Luana,U12,Zürileu Rennen 2025 - ZSV Living Circle Cup,Riesenslalom,Obersaxen,4,2025-01-11,https://www.swiss-ski-kwo.ch/tk/ranglisten/2025/1373.pdf
Lara Czermak,U9,Zürileu Rennen 2025 - ZSV Living Circle Cup,Riesenslalom,Obersaxen,3,2025-01-11,https://www.swiss-ski-kwo.ch/tk/ranglisten/2025/1374.pdf
Lars Stöckenius,U11,Zürileu Rennen 2025 - ZSV Living Circle Cup,Riesenslalom,Obersaxen,12,2025-01-11,https://www.swiss-ski-kwo.ch/tk/ranglisten/2025/1374.pdf
Roshardt Aliyah,U16,Zürileu Rennen 2025 - ZSV Living Circle Cup,Riesenslalom,Obersaxen,4,2025-01-11,https://www.swiss-ski-kwo.ch/tk/ranglisten/2025/1373.pdf
Rossi Liam,U12,Zürileu Rennen 2025 - ZSV Living Circle Cup,Riesenslalom,Obersaxen,18,2025-01-11,https://www.swiss-ski-kwo.ch/tk/ranglisten/2025/1373.pdf
Seiler Anna,U14,Zürileu Rennen 2025 - ZSV Living Circle Cup,Riesenslalom,Obersaxen,17,2025-01-11,https://www.swiss-ski-kwo.ch/tk/ranglisten/2025/1373.pdf
Silvan Hensch,U11,Zürileu Rennen 2025 - ZSV Living Circle Cup,Riesenslalom,Obersaxen,8,2025-01-11,https://www.swiss-ski-kwo.ch/tk/ranglisten/2025/1374.pdf
Simmerle Finn,U16,Zürileu Rennen 2025 - ZSV Living Circle Cup,Riesenslalom,Obersaxen,8,2025-01-11,https://www.swiss-ski-kwo.ch/tk/ranglisten/2025/1373.pdf
Till Stöckenius,U11,Zürileu Rennen 2025 - ZSV Living Circle Cup,Riesenslalom,Obersaxen,24,2025-01-11,https://www.swiss-ski-kwo.ch/tk/ranglisten/2025/1374.pdf
Emma Artho,Mädchen U14,Living Circle-CUP 2025,SL,Obersaxen,30,2025-01-12,https://www.swiss-ski-kwo.ch/tk/ranglisten/2025/1401.pdf
Liam Rossi,Knaben U12,Living Circle-CUP 2025,SL,Obersaxen,45,2025-01-12,https://www.swiss-ski-kwo.ch/tk/ranglisten/2025/1401.pdf
Artho Emma,Mädchen U14,Zürileu Rennen 2025 - ZSV Living Circle Cup,Slalom,Obersaxen,16,2025-01-12,https://www.swiss-ski-kwo.ch/tk/ranglisten/2025/1375.pdf
Baumgartner Benjamin,Knaben U9,Zürileu Rennen 2025 - ZSV Living Circle Cup,Riesenslalom,Obersaxen,5,2025-01-12,https://www.swiss-ski-kwo.ch/tk/ranglisten/2025/1376.pdf
Baumgartner Elisa,Mädchen U12,Zürileu Rennen 2025 - ZSV Living Circle Cup,Slalom,Obersaxen,4,2025-01-12,https://www.swiss-ski-kwo.ch/tk/ranglisten/2025/1375.pdf
Baumgartner Melicia,Mädchen U14,Zürileu Rennen 2025 - ZSV Living Circle Cup,Slalom,Obersaxen,1,2025-01-12,https://www.swiss-ski-kwo.ch/tk/ranglisten/2025/1375.pdf
Börlin Mael,Knaben U12,Zürileu Rennen 2025 - ZSV Living Circle Cup,Slalom,Obersaxen,6,2025-01-12,https://www.swiss-ski-kwo.ch/tk/ranglisten/2025/1375.pdf
Czermak Emil,Knaben U11,Zürileu Rennen 2025 - ZSV Living Circle Cup,Riesenslalom,Obersaxen,27,2025-01-12,https://www.swiss-ski-kwo.ch/tk/ranglisten/2025/1376.pdf
Czermak Lara,Mädchen U9,Zürileu Rennen 2025 - ZSV Living Circle Cup,Riesenslalom,Obersaxen,1,2025-01-12,https://www.swiss-ski-kwo.ch/tk/ranglisten/2025/1376.pdf
Fuhrer Ramon,Knaben U14,Zürileu Rennen 2025 - ZSV Living Circle Cup,Slalom,Obersaxen,DNF,2025-01-12,https://www.swiss-ski-kwo.ch/tk/ranglisten/2025/1375.pdf
Hensch Pascal,Knaben U14,Zürileu Rennen 2025 - ZSV Living Circle Cup,Slalom,Obersaxen,DNS,2025-01-12,https://www.swiss-ski-kwo.ch/tk/ranglisten/2025/1375.pdf
Hensch Silvan,Knaben U11,Zürileu Rennen 2025 - ZSV Living Circle Cup,Riesenslalom,Obersaxen,8,2025-01-12,https://www.swiss-ski-kwo.ch/tk/ranglisten/2025/1376.pdf
Janssen Justin,Knaben U16,Zürileu Rennen 2025 - ZSV Living Circle Cup,Slalom,Obersaxen,DNF,2025-01-12,https://www.swiss-ski-kwo.ch/tk/ranglisten/2025/1375.pdf
Kaifer Cédric Andrin,Knaben U11,Zürileu Rennen 2025 - ZSV Living Circle Cup,Riesenslalom,Obersaxen,19,2025-01-12,https://www.swiss-ski-kwo.ch/tk/ranglisten/2025/1376.pdf
Roshardt Aliyah,Mädchen U16,Zürileu Rennen 2025 - ZSV Living Circle Cup,Slalom,Obersaxen,3,2025-01-12,https://www.swiss-ski-kwo.ch/tk/ranglisten/2025/1375.pdf
Rossi Liam,Knaben U12,Zürileu Rennen 2025 - ZSV Living Circle Cup,Slalom,Obersaxen,11,2025-01-12,https://www.swiss-ski-kwo.ch/tk/ranglisten/2025/1375.pdf
Simmerle Finn,Knaben U16,Zürileu Rennen 2025 - ZSV Living Circle Cup,Slalom,Obersaxen,4,2025-01-12,https://www.swiss-ski-kwo.ch/tk/ranglisten/2025/1375.pdf
Stöckenius Lars,Knaben U11,Zürileu Rennen 2025 - ZSV Living Circle Cup,Riesenslalom,Obersaxen,15,2025-01-12,https://www.swiss-ski-kwo.ch/tk/ranglisten/2025/1376.pdf
Stöckenius Till,Knaben U11,Zürileu Rennen 2025 - ZSV Living Circle Cup,Riesenslalom,Obersaxen,17,2025-01-12,https://www.swiss-ski-kwo.ch/tk/ranglisten/2025/1376.pdf
Artho Emma,Mädchen U14,11. Minikipp Nachtslalom 2025,Slalom,Sattel-Hochstuckli (SUI),18,2025-01-15,https://www.swiss-ski-kwo.ch/tk/ranglisten/2025/1203.pdf
Baumgartner Benjamin,Knaben U10,11. Minikipp Nachtslalom 2025,Slalom,Sattel-Hochstuckli (SUI),15,2025-01-15,https://www.swiss-ski-kwo.ch/tk/ranglisten/2025/1203.pdf
Baumgartner Elisa,Mädchen U12,11. Minikipp Nachtslalom 2025,Slalom,Sattel-Hochstuckli (SUI),2,2025-01-15,https://www.swiss-ski-kwo.ch/tk/ranglisten/2025/1203.pdf
Börlin Mael,Knaben U12,11. Minikipp Nachtslalom 2025,Slalom,Sattel-Hochstuckli (SUI),3,2025-01-15,https://www.swiss-ski-kwo.ch/tk/ranglisten/2025/1203.pdf
Czermak Emil,Knaben U10,11. Minikipp Nachtslalom 2025,Slalom,Sattel-Hochstuckli (SUI),17,2025-01-15,https://www.swiss-ski-kwo.ch/tk/ranglisten/2025/1203.pdf
Czermak Lara,Mädchen U10,11. Minikipp Nachtslalom 2025,Slalom,Sattel-Hochstuckli (SUI),DNF,2025-01-15,https://www.swiss-ski-kwo.ch/tk/ranglisten/2025/1203.pdf
Fuhrer Ramon,Knaben U14,11. Minikipp Nachtslalom 2025,Slalom,Sattel-Hochstuckli (SUI),20,2025-01-15,https://www.swiss-ski-kwo.ch/tk/ranglisten/2025/1203.pdf
Hensch Silvan,Knaben U12,11. Minikipp Nachtslalom 2025,Slalom,Sattel-Hochstuckli (SUI),DNF,2025-01-15,https://www.swiss-ski-kwo.ch/tk/ranglisten/2025/1203.pdf
Janssen Justin,Knaben U16,11. Minikipp Nachtslalom 2025,Slalom,Sattel-Hochstuckli (SUI),4,2025-01-15,https://www.swiss-ski-kwo.ch/tk/ranglisten/2025/1203.pdf
Kaifer Chiara Luana,Mädchen U12,11. Minikipp Nachtslalom 2025,Slalom,Sattel-Hochstuckli (SUI),6,2025-01-15,https://www.swiss-ski-kwo.ch/tk/ranglisten/2025/1203.pdf
Kaifer Cédric Andrin,Knaben U10,11. Minikipp Nachtslalom 2025,Slalom,Sattel-Hochstuckli (SUI),8,2025-01-15,https://www.swiss-ski-kwo.ch/tk/ranglisten/2025/1203.pdf
Rossi Liam,Knaben U12,11. Minikipp Nachtslalom 2025,Slalom,Sattel-Hochstuckli (SUI),16,2025-01-15,https://www.swiss-ski-kwo.ch/tk/ranglisten/2025/1203.pdf
Simmerle Finn,Knaben U16,11. Minikipp Nachtslalom 2025,Slalom,Sattel-Hochstuckli (SUI),1,2025-01-15,https://www.swiss-ski-kwo.ch/tk/ranglisten/2025/1203.pdf
Stöckenius Lars,Knaben U10,11. Minikipp Nachtslalom 2025,Slalom,Sattel-Hochstuckli (SUI),12,2025-01-15,https://www.swiss-ski-kwo.ch/tk/ranglisten/2025/1203.pdf
Stöckenius Till,Knaben U12,11. Minikipp Nachtslalom 2025,Slalom,Sattel-Hochstuckli (SUI),21,2025-01-15,https://www.swiss-ski-kwo.ch/tk/ranglisten/2025/1203.pdf
Roshan Aliyah,Knaben,IRM 1,Riesentorlauf,Skirennzentrum Hasliberg,DNF,2025-01-17,https://www.swiss-ski-kwo.ch/tk/ranglisten/2025/1036.pdf
DENECKE Anna,MU12,die Mobiliar Cup 1,Riesenslalom,Splügen,10,2025-01-18,https://www.swiss-ski-kwo.ch/tk/ranglisten/2025/1558.pdf
Anna Denecke,MU12,die Mobiliar Cup 2,Riesenslalom,Splügen (BSV),11,2025-01-18,https://www.swiss-ski-kwo.ch/tk/ranglisten/2025/1559.pdf
Anna Seiler,MU14,19. Roggenstock RS,Riesenslalom,Hoch-Ybrig,9,2025-01-19,https://www.swiss-ski-kwo.ch/tk/ranglisten/2025/1389.pdf
Elisa Baumgartner,MU12,19. Roggenstock RS,Riesenslalom,Hoch-Ybrig,4,2025-01-19,https://www.swiss-ski-kwo.ch/tk/ranglisten/2025/1389.pdf
Finn Simmerle,KU16,19. Roggenstock RS,Riesenslalom,Hoch-Ybrig,2,2025-01-19,https://www.swiss-ski-kwo.ch/tk/ranglisten/2025/1389.pdf
Liam Rossi,KU12,19. Roggenstock RS,Riesenslalom,Hoch-Ybrig,14,2025-01-19,https://www.swiss-ski-kwo.ch/tk/ranglisten/2025/1389.pdf
Louis Seiler,KU16,19. Roggenstock RS,Riesenslalom,Hoch-Ybrig,3,2025-01-19,https://www.swiss-ski-kwo.ch/tk/ranglisten/2025/1389.pdf
Mael Börlin,KU12,19. Roggenstock RS,Riesenslalom,Hoch-Ybrig,5,2025-01-19,https://www.swiss-ski-kwo.ch/tk/ranglisten/2025/1389.pdf
Melicia Baumgartner,MU14,19. Roggenstock RS,Riesenslalom,Hoch-Ybrig,DNF,2025-01-19,https://www.swiss-ski-kwo.ch/tk/ranglisten/2025/1389.pdf
Pascal Hensch,KU14,19. Roggenstock RS,Riesenslalom,Hoch-Ybrig,DNS,2025-01-19,https://www.swiss-ski-kwo.ch/tk/ranglisten/2025/1389.pdf
Baumgartner Elisa,MU12,72. Albisrennen,Riesenslalom,Hoch-Ybrig,4,2025-01-19,https://www.swiss-ski-kwo.ch/tk/ranglisten/2025/1388.pdf
Baumgartner Melicia,MU14,72. Albisrennen,Riesenslalom,Hoch-Ybrig,2,2025-01-19,https://www.swiss-ski-kwo.ch/tk/ranglisten/2025/1388.pdf
Börlin Mael,KU12,72. Albisrennen,Riesenslalom,Hoch-Ybrig,4,2025-01-19,https://www.swiss-ski-kwo.ch/tk/ranglisten/2025/1388.pdf
Hensch Pascal,KU14,72. Albisrennen,Riesenslalom,Hoch-Ybrig,DNF,2025-01-19,https://www.swiss-ski-kwo.ch/tk/ranglisten/2025/1388.pdf
Rossi Liam,KU12,72. Albisrennen,Riesenslalom,Hoch-Ybrig,10,2025-01-19,https://www.swiss-ski-kwo.ch/tk/ranglisten/2025/1388.pdf
Seiler Anna,MU14,72. Albisrennen,Riesenslalom,Hoch-Ybrig,12,2025-01-19,https://www.swiss-ski-kwo.ch/tk/ranglisten/2025/1388.pdf
Seiler Louis,KU16,72. Albisrennen,Riesenslalom,Hoch-Ybrig,4,2025-01-19,https://www.swiss-ski-kwo.ch/tk/ranglisten/2025/1388.pdf
Simmerle Finn,KU16,72. Albisrennen,Riesenslalom,Hoch-Ybrig,DNF,2025-01-19,https://www.swiss-ski-kwo.ch/tk/ranglisten/2025/1388.pdf
Baumgartner Benjamin,KU9,72. Albisrennen Mini,Riesenslalom,Hoch-Ybrig,8,2025-01-19,https://www.swiss-ski-kwo.ch/tk/ranglisten/2025/1390.pdf
Czermak Emil,KU11,72. Albisrennen Mini,Riesenslalom,Hoch-Ybrig,26,2025-01-19,https://www.swiss-ski-kwo.ch/tk/ranglisten/2025/1390.pdf
Czermak Lara,MU9,72. Albisrennen Mini,Riesenslalom,Hoch-Ybrig,4,2025-01-19,https://www.swiss-ski-kwo.ch/tk/ranglisten/2025/1390.pdf
Hensch Silvan,KU11,72. Albisrennen Mini,Riesenslalom,Hoch-Ybrig,7,2025-01-19,https://www.swiss-ski-kwo.ch/tk/ranglisten/2025/1390.pdf
Kaifer Cédric Andrin,KU11,72. Albisrennen Mini,Riesenslalom,Hoch-Ybrig,16,2025-01-19,https://www.swiss-ski-kwo.ch/tk/ranglisten/2025/1390.pdf
Stöckenius Lars,KU11,72. Albisrennen Mini,Riesenslalom,Hoch-Ybrig,DNS,2025-01-19,https://www.swiss-ski-kwo.ch/tk/ranglisten/2025/1390.pdf
Stöckenius Till,KU11,72. Albisrennen Mini,Riesenslalom,Hoch-Ybrig,20,2025-01-19,https://www.swiss-ski-kwo.ch/tk/ranglisten/2025/1390.pdf
Hensch Pascal,U14,Grand Prix Migros,,Obersaxen,DNS,2025-01-19,https://www.swiss-ski-kwo.ch/tk/ranglisten/2025/1047.pdf
Roshardt Aliyah,Mädchen,IRM 2,Slalom,Skirennzentrum Hasliberg,DNF,2025-01-19,https://www.swiss-ski-kwo.ch/tk/ranglisten/2025/1037.pdf
Aliyah Roshardt,Mädchen,IRM 3,Slalom,Skirennzentrum Hasliberg,DNF,2025-01-19,https://www.swiss-ski-kwo.ch/tk/ranglisten/2025/1038.pdf
Aliyah Roshardt,Mädchen U16,Living Circle-CUP 2025,RS2,Hoch Ybrig,100,2025-01-19,https://www.swiss-ski-kwo.ch/tk/ranglisten/2025/1401.pdf
Anna Seiler,Mädchen U14,Living Circle-CUP 2025,RS1,Hoch Ybrig,18,2025-01-19,https://www.swiss-ski-kwo.ch/tk/ranglisten/2025/1401.pdf
Anna Seiler,Mädchen U14,Living Circle-CUP 2025,RS2,Hoch Ybrig,30,2025-01-19,https://www.swiss-ski-kwo.ch/tk/ranglisten/2025/1401.pdf
Finn Simmerle,Knaben U16,Living Circle-CUP 2025,RS1,Hoch Ybrig,50,2025-01-19,https://www.swiss-ski-kwo.ch/tk/ranglisten/2025/1401.pdf
Finn Simmerle,Knaben U16,Living Circle-CUP 2025,RS2,Hoch Ybrig,100,2025-01-19,https://www.swiss-ski-kwo.ch/tk/ranglisten/2025/1401.pdf
Justin Janssen,Knaben U16,Living Circle-CUP 2025,RS2,Hoch Ybrig,40,2025-01-19,https://www.swiss-ski-kwo.ch/tk/ranglisten/2025/1401.pdf
Liam Rossi,Knaben U12,Living Circle-CUP 2025,RS1,Hoch Ybrig,30,2025-01-19,https://www.swiss-ski-kwo.ch/tk/ranglisten/2025/1401.pdf
Liam Rossi,Knaben U12,Living Circle-CUP 2025,RS2,Hoch Ybrig,18,2025-01-19,https://www.swiss-ski-kwo.ch/tk/ranglisten/2025/1401.pdf
Louis Seiler,Knaben U16,Living Circle-CUP 2025,RS1,Hoch Ybrig,80,2025-01-19,https://www.swiss-ski-kwo.ch/tk/ranglisten/2025/1401.pdf
Louis Seiler,Knaben U16,Living Circle-CUP 2025,RS2,Hoch Ybrig,45,2025-01-19,https://www.swiss-ski-kwo.ch/tk/ranglisten/2025/1401.pdf
Stöckenius Lars,Knaben U11,1495 Regio-Mini-Cup Davos-Prättigau 3,Riesenslalom,Klosters Madrisa,9,2025-01-25,https://www.swiss-ski-kwo.ch/tk/ranglisten/2025/1495.pdf
Stöckenius Till,Knaben U11,1495 Regio-Mini-Cup Davos-Prättigau 3,Riesenslalom,Klosters Madrisa,12,2025-01-25,https://www.swiss-ski-kwo.ch/tk/ranglisten/2025/1495.pdf
Stöckenius Lars,Knaben U11,1496 Regio-Mini-Cup Davos-Prättigau 4,Riesenslalom,Klosters Madrisa,13,2025-01-25,https://www.swiss-ski-kwo.ch/tk/ranglisten/2025/1496.pdf
Stöckenius Till,Knaben U11,1496 Regio-Mini-Cup Davos-Prättigau 4,Riesenslalom,Klosters Madrisa,11,2025-01-25,https://www.swiss-ski-kwo.ch/tk/ranglisten/2025/1496.pdf
Benjamin Baumgartner,U14,Raiffeisen VS Trophy - 8 Garçons,Géant,Vichères - Bavon / Sc Liddes - Vélan,65,2025-01-25,https://www.swiss-ski-kwo.ch/tk/ranglisten/2025/1295.pdf
Dario Andracchio,U14,Raiffeisen VS Trophy - 8 Garçons,Géant,Vichères - Bavon / Sc Liddes - Vélan,56,2025-01-25,https://www.swiss-ski-kwo.ch/tk/ranglisten/2025/1295.pdf
Aliyah Roshardt,Mädchen U16,Living Circle-CUP 2025,SL1,Wildhaus,50,2025-01-26,https://www.swiss-ski-kwo.ch/tk/ranglisten/2025/1401.pdf
Anna Seiler,Mädchen U14,Living Circle-CUP 2025,SL1,Wildhaus,45,2025-01-26,https://www.swiss-ski-kwo.ch/tk/ranglisten/2025/1401.pdf
Anna Seiler,Mädchen U14,Living Circle-CUP 2025,SL2,Wildhaus,45,2025-01-26,https://www.swiss-ski-kwo.ch/tk/ranglisten/2025/1401.pdf
Elisa Baumgartner,Mädchen U12,Living Circle-CUP 2025,SL1,Wildhaus,45,2025-01-26,https://www.swiss-ski-kwo.ch/tk/ranglisten/2025/1401.pdf
Elisa Baumgartner,Mädchen U12,Living Circle-CUP 2025,SL2,Wildhaus,45,2025-01-26,https://www.swiss-ski-kwo.ch/tk/ranglisten/2025/1401.pdf
Emma Artho,Mädchen U14,Living Circle-CUP 2025,SL1,Wildhaus,26,2025-01-26,https://www.swiss-ski-kwo.ch/tk/ranglisten/2025/1401.pdf
Emma Artho,Mädchen U14,Living Circle-CUP 2025,SL2,Wildhaus,22,2025-01-26,https://www.swiss-ski-kwo.ch/tk/ranglisten/2025/1401.pdf
Liam Rossi,Knaben U12,Living Circle-CUP 2025,SL1,Wildhaus,50,2025-01-26,https://www.swiss-ski-kwo.ch/tk/ranglisten/2025/1401.pdf
Liam Rossi,Knaben U12,Living Circle-CUP 2025,SL2,Wildhaus,50,2025-01-26,https://www.swiss-ski-kwo.ch/tk/ranglisten/2025/1401.pdf
Mael Börlin,Knaben U12,Living Circle-CUP 2025,SL2,Wildhaus,50,2025-01-26,https://www.swiss-ski-kwo.ch/tk/ranglisten/2025/1401.pdf
Aliyah Roshardt,U16,RGZO Jugend Slalom 1,Slalom,"Wildhaus, Piste Hoxperen",1,2025-01-26,https://www.swiss-ski-kwo.ch/tk/ranglisten/2025/1380.pdf
Anna Seiler,U14,RGZO Jugend Slalom 1,Slalom,"Wildhaus, Piste Hoxperen",8,2025-01-26,https://www.swiss-ski-kwo.ch/tk/ranglisten/2025/1380.pdf
Chiara Luana Kaifer,U12,RGZO Jugend Slalom 1,Slalom,"Wildhaus, Piste Hoxperen",6,2025-01-26,https://www.swiss-ski-kwo.ch/tk/ranglisten/2025/1380.pdf
Elisa Baumgartner,U12,RGZO Jugend Slalom 1,Slalom,"Wildhaus, Piste Hoxperen",2,2025-01-26,https://www.swiss-ski-kwo.ch/tk/ranglisten/2025/1380.pdf
Emma Artho,U14,RGZO Jugend Slalom 1,Slalom,"Wildhaus, Piste Hoxperen",12,2025-01-26,https://www.swiss-ski-kwo.ch/tk/ranglisten/2025/1380.pdf
Finn Simmerle,U16,RGZO Jugend Slalom 1,Slalom,"Wildhaus, Piste Hoxperen",DNF,2025-01-26,https://www.swiss-ski-kwo.ch/tk/ranglisten/2025/1380.pdf
Justin Janssen,U16,RGZO Jugend Slalom 1,Slalom,"Wildhaus, Piste Hoxperen",10,2025-01-26,https://www.swiss-ski-kwo.ch/tk/ranglisten/2025/1380.pdf
Liam Rossi,U12,RGZO Jugend Slalom 1,Slalom,"Wildhaus, Piste Hoxperen",5,2025-01-26,https://www.swiss-ski-kwo.ch/tk/ranglisten/2025/1380.pdf
Louis Seiler,U16,RGZO Jugend Slalom 1,Slalom,"Wildhaus, Piste Hoxperen",9,2025-01-26,https://www.swiss-ski-kwo.ch/tk/ranglisten/2025/1380.pdf
Mael Börlin,U12,RGZO Jugend Slalom 1,Slalom,"Wildhaus, Piste Hoxperen",1,2025-01-26,https://www.swiss-ski-kwo.ch/tk/ranglisten/2025/1380.pdf
Melicia Baumgartner,U14,RGZO Jugend Slalom 1,Slalom,"Wildhaus, Piste Hoxperen",2,2025-01-26,https://www.swiss-ski-kwo.ch/tk/ranglisten/2025/1380.pdf
Pascal Hensch,U14,RGZO Jugend Slalom 1,Slalom,"Wildhaus, Piste Hoxperen",11,2025-01-26,https://www.swiss-ski-kwo.ch/tk/ranglisten/2025/1380.pdf
Ramon Fuhrer,U14,RGZO Jugend Slalom 1,Slalom,"Wildhaus, Piste Hoxperen",26,2025-01-26,https://www.swiss-ski-kwo.ch/tk/ranglisten/2025/1380.pdf
Artho Emma,Mädchen U14,RGZO Jugend Slalom 2,Slalom,"Wildhaus, Piste Hoxperen",13,2025-01-26,https://www.swiss-ski-kwo.ch/tk/ranglisten/2025/1383.pdf
Baumgartner Elisa,Mädchen U12,RGZO Jugend Slalom 2,Slalom,"Wildhaus, Piste Hoxperen",6,2025-01-26,https://www.swiss-ski-kwo.ch/tk/ranglisten/2025/1383.pdf
Baumgartner Melicia,Mädchen U14,RGZO Jugend Slalom 2,Slalom,"Wildhaus, Piste Hoxperen",1,2025-01-26,https://www.swiss-ski-kwo.ch/tk/ranglisten/2025/1383.pdf
Börlin Mael,Knaben U12,RGZO Jugend Slalom 2,Slalom,"Wildhaus, Piste Hoxperen",1,2025-01-26,https://www.swiss-ski-kwo.ch/tk/ranglisten/2025/1383.pdf
Fuhrer Ramon,Knaben U14,RGZO Jugend Slalom 2,Slalom,"Wildhaus, Piste Hoxperen",23,2025-01-26,https://www.swiss-ski-kwo.ch/tk/ranglisten/2025/1383.pdf
Hensch Pascal,Knaben U14,RGZO Jugend Slalom 2,Slalom,"Wildhaus, Piste Hoxperen",DNF,2025-01-26,https://www.swiss-ski-kwo.ch/tk/ranglisten/2025/1383.pdf
Janssen Justin,Knaben U16,RGZO Jugend Slalom 2,Slalom,"Wildhaus, Piste Hoxperen",9,2025-01-26,https://www.swiss-ski-kwo.ch/tk/ranglisten/2025/1383.pdf
Kaifer Chiara Luana,Mädchen U12,RGZO Jugend Slalom 2,Slalom,"Wildhaus, Piste Hoxperen",7,2025-01-26,https://www.swiss-ski-kwo.ch/tk/ranglisten/2025/1383.pdf
Roshardt Aliyah,Mädchen U16,RGZO Jugend Slalom 2,Slalom,"Wildhaus, Piste Hoxperen",3,2025-01-26,https://www.swiss-ski-kwo.ch/tk/ranglisten/2025/1383.pdf
Rossi Liam,Knaben U12,RGZO Jugend Slalom 2,Slalom,"Wildhaus, Piste Hoxperen",5,2025-01-26,https://www.swiss-ski-kwo.ch/tk/ranglisten/2025/1383.pdf
Seiler Anna,Mädchen U14,RGZO Jugend Slalom 2,Slalom,"Wildhaus, Piste Hoxperen",7,2025-01-26,https://www.swiss-ski-kwo.ch/tk/ranglisten/2025/1383.pdf
Seiler Louis,Knaben U16,RGZO Jugend Slalom 2,Slalom,"Wildhaus, Piste Hoxperen",,2025-01-26,https://www.swiss-ski-kwo.ch/tk/ranglisten/2025/1383.pdf
Simmerle Finn,Knaben U16,RGZO Jugend Slalom 2,Slalom,"Wildhaus, Piste Hoxperen",7,2025-01-26,https://www.swiss-ski-kwo.ch/tk/ranglisten/2025/1383.pdf
Alessio Miggiano,U14,Coupe Raiffeisen OJ N° 8,SLALOM GÉANT,La Berra,17,2025-02-01,https://www.swiss-ski-kwo.ch/tk/ranglisten/2025/1434.pdf
Aliyah Roshardt,Mädchen / Filles 2010,Grand Prix Migros,,Hoch-Ybrig,3,2025-02-01,https://www.swiss-ski-kwo.ch/tk/ranglisten/2025/1051.pdf
Baumgartner Benjamin,Knaben / Garçons 2017,Grand Prix Migros,Riesenslalom 2015 - 2017,Hoch-Ybrig,2,2025-02-01,https://www.swiss-ski-kwo.ch/tk/ranglisten/2025/1050.pdf
Czermak Emil,Knaben / Garçons 2015,Grand Prix Migros,Riesenslalom 2015 - 2017,Hoch-Ybrig,DNF,2025-02-01,https://www.swiss-ski-kwo.ch/tk/ranglisten/2025/1050.pdf
Czermak Lara,Mädchen / Filles 2017,Grand Prix Migros,Riesenslalom 2015 - 2017,Hoch-Ybrig,1,2025-02-01,https://www.swiss-ski-kwo.ch/tk/ranglisten/2025/1050.pdf
Elisa Baumgartner,Mädchen / Filles 2013,Grand Prix Migros,,Hoch-Ybrig,DNS,2025-02-01,https://www.swiss-ski-kwo.ch/tk/ranglisten/2025/1051.pdf
Emma Artho,Mädchen / Filles 2011,Grand Prix Migros,,Hoch-Ybrig,15,2025-02-01,https://www.swiss-ski-kwo.ch/tk/ranglisten/2025/1051.pdf
Justin Janssen,Knaben / Garçons 2009,Grand Prix Migros,,Hoch-Ybrig,9,2025-02-01,https://www.swiss-ski-kwo.ch/tk/ranglisten/2025/1051.pdf
Mael Börlin,Knaben / Garçons 2013,Grand Prix Migros,,Hoch-Ybrig,DNF,2025-02-01,https://www.swiss-ski-kwo.ch/tk/ranglisten/2025/1051.pdf
Melicia Baumgartner,Mädchen / Filles 2011,Grand Prix Migros,,Hoch-Ybrig,DNF,2025-02-01,https://www.swiss-ski-kwo.ch/tk/ranglisten/2025/1051.pdf
Pascal Hensch,Knaben / Garçons 2012,Grand Prix Migros,,Hoch-Ybrig,6,2025-02-01,https://www.swiss-ski-kwo.ch/tk/ranglisten/2025/1051.pdf
Ramon Fuhrer,Knaben / Garçons 2012,Grand Prix Migros,,Hoch-Ybrig,31,2025-02-01,https://www.swiss-ski-kwo.ch/tk/ranglisten/2025/1051.pdf
Silvan Hensch,Knaben / Garçons 2014,Grand Prix Migros,,Hoch-Ybrig,8,2025-02-01,https://www.swiss-ski-kwo.ch/tk/ranglisten/2025/1051.pdf
Anna Seiler,MU14,4. MTF Cup U12 - U16 1128,Riesenslalom,Malbun,9,2025-02-02,https://www.swiss-ski-kwo.ch/tk/ranglisten/2025/1128.pdf
Elisa Baumgartner,MU12,4. MTF Cup U12 - U16 1128,Riesenslalom,Malbun,1,2025-02-02,https://www.swiss-ski-kwo.ch/tk/ranglisten/2025/1128.pdf
Finn Simmerle,KU16,4. MTF Cup U12 - U16 1128,Riesenslalom,Malbun,4,2025-02-02,https://www.swiss-ski-kwo.ch/tk/ranglisten/2025/1128.pdf
Mael Börlin,KU12,4. MTF Cup U12 - U16 1128,Riesenslalom,Malbun,DNF,2025-02-02,https://www.swiss-ski-kwo.ch/tk/ranglisten/2025/1128.pdf
Melicia Baumgartner,MU14,4. MTF Cup U12 - U16 1128,Riesenslalom,Malbun,6,2025-02-02,https://www.swiss-ski-kwo.ch/tk/ranglisten/2025/1128.pdf
Pascal Hensch,KU14,4. MTF Cup U12 - U16 1128,Riesenslalom,Malbun,4,2025-02-02,https://www.swiss-ski-kwo.ch/tk/ranglisten/2025/1128.pdf
Anna Seiler,MU14,5.MTF Cup U12 - U16 1129,Riesenslalom,Malbun,10,2025-02-02,https://www.swiss-ski-kwo.ch/tk/ranglisten/2025/1129.pdf
Elisa Baumgartner,MU12,5.MTF Cup U12 - U16 1129,Riesenslalom,Malbun,1,2025-02-02,https://www.swiss-ski-kwo.ch/tk/ranglisten/2025/1129.pdf
Finn Simmerle,KU16,5.MTF Cup U12 - U16 1129,Riesenslalom,Malbun,3,2025-02-02,https://www.swiss-ski-kwo.ch/tk/ranglisten/2025/1129.pdf
Mael Börlin,KU12,5.MTF Cup U12 - U16 1129,Riesenslalom,Malbun,DNS,2025-02-02,https://www.swiss-ski-kwo.ch/tk/ranglisten/2025/1129.pdf
Melicia Baumgartner,MU14,5.MTF Cup U12 - U16 1129,Riesenslalom,Malbun,5,2025-02-02,https://www.swiss-ski-kwo.ch/tk/ranglisten/2025/1129.pdf
Pascal Hensch,KU14,5.MTF Cup U12 - U16 1129,Riesenslalom,Malbun,DNF,2025-02-02,https://www.swiss-ski-kwo.ch/tk/ranglisten/2025/1129.pdf
Anna Denecke,U12,Die Mobiliar Cup 2025,Slalom (Rennen 3),Lenzerheide,12,2025-02-02,https://www.swiss-ski-kwo.ch/tk/ranglisten/2025/1552.pdf
Denecke Anna,U12,Die Mobiliar Cup 2025,Slalom (Rennen 4),Lenzerheide,11,2025-02-02,https://www.swiss-ski-kwo.ch/tk/ranglisten/2025/1553.pdf
Lars Stöckenius,K3: JG 14/15,KIDS-CUP Prättigau - Davos 2025,Riesenslalom,Klosters,11,2025-02-02,https://www.swiss-ski-kwo.ch/tk/ranglisten/2025/1519.pdf
Till Stöckenius,K3: JG 14/15,KIDS-CUP Prättigau - Davos 2025,Riesenslalom,Klosters,14,2025-02-02,https://www.swiss-ski-kwo.ch/tk/ranglisten/2025/1519.pdf
Anna-Lena Seiler,,MIGROS SKI DAY,,Hoch-Ybrig,124,2025-02-02,https://www.swiss-ski-kwo.ch/tk/ranglisten/2025/1077.pdf
Chiara Kaifer,,MIGROS SKI DAY,,Hoch-Ybrig,1,2025-02-02,https://www.swiss-ski-kwo.ch/tk/ranglisten/2025/1077.pdf
Cédric Kaifer,,MIGROS SKI DAY,,Hoch-Ybrig,1,2025-02-02,https://www.swiss-ski-kwo.ch/tk/ranglisten/2025/1077.pdf
Baumgartner Benjamin,Knaben U9,JO-Mini Combi-Race Technik,Combi-Race,Flumserberg,8,2025-02-08,https://www.swiss-ski-kwo.ch/tk/ranglisten/2025/1387.pdf
Kaifer Cédric Andrin,Knaben U11,JO-Mini Combi-Race Technik,Combi-Race,Flumserberg,17,2025-02-08,https://www.swiss-ski-kwo.ch/tk/ranglisten/2025/1387.pdf
Aliyah Roshardt,U16,Jugend Combi-Race Speed,Combi-Race,Flumserberg,7.0,2025-02-08,https://www.swiss-ski-kwo.ch/tk/ranglisten/2025/1386.pdf
Anna Seiler,U14,Jugend Combi-Race Speed,Combi-Race,Flumserberg,25.0,2025-02-08,https://www.swiss-ski-kwo.ch/tk/ranglisten/2025/1386.pdf
Elin Erni,U12,Jugend Combi-Race Speed,Combi-Race,Flumserberg,10.0,2025-02-08,https://www.swiss-ski-kwo.ch/tk/ranglisten/2025/1386.pdf
Elisa Baumgartner,U12,Jugend Combi-Race Speed,Combi-Race,Flumserberg,9.0,2025-02-08,https://www.swiss-ski-kwo.ch/tk/ranglisten/2025/1386.pdf
Emma Artho,U14,Jugend Combi-Race Speed,Combi-Race,Flumserberg,39.0,2025-02-08,https://www.swiss-ski-kwo.ch/tk/ranglisten/2025/1386.pdf
Finn Simmerle,U16,Jugend Combi-Race Speed,Combi-Race,Flumserberg,13.0,2025-02-08,https://www.swiss-ski-kwo.ch/tk/ranglisten/2025/1386.pdf
Justin Janssen,U16,Jugend Combi-Race Speed,Combi-Race,Flumserberg,16.0,2025-02-08,https://www.swiss-ski-kwo.ch/tk/ranglisten/2025/1386.pdf
Mael Börlin,U12,Jugend Combi-Race Speed,Combi-Race,Flumserberg,8.0,2025-02-08,https://www.swiss-ski-kwo.ch/tk/ranglisten/2025/1386.pdf
Melicia Baumgartner,U14,Jugend Combi-Race Speed,Combi-Race,Flumserberg,6.0,2025-02-08,https://www.swiss-ski-kwo.ch/tk/ranglisten/2025/1386.pdf
Pascal Hensch,U14,Jugend Combi-Race Speed,Combi-Race,Flumserberg,,2025-02-08,https://www.swiss-ski-kwo.ch/tk/ranglisten/2025/1386.pdf
Aliyah Roshardt,Mädchen U16,Living Circle-CUP 2025,CR,Atzmännig,80,2025-02-08,https://www.swiss-ski-kwo.ch/tk/ranglisten/2025/1401.pdf
Anna Seiler,Mädchen U14,Living Circle-CUP 2025,CR,Atzmännig,14,2025-02-08,https://www.swiss-ski-kwo.ch/tk/ranglisten/2025/1401.pdf
Chiara Luana Kaifer,Mädchen U12,Living Circle-CUP 2025,CR,Atzmännig,40,2025-02-08,https://www.swiss-ski-kwo.ch/tk/ranglisten/2025/1401.pdf
Elisa Baumgartner,Mädchen U12,Living Circle-CUP 2025,CR,Atzmännig,60,2025-02-08,https://www.swiss-ski-kwo.ch/tk/ranglisten/2025/1401.pdf
Finn Simmerle,Knaben U16,Living Circle-CUP 2025,CR,Atzmännig,45,2025-02-08,https://www.swiss-ski-kwo.ch/tk/ranglisten/2025/1401.pdf
Justin Janssen,Knaben U16,Living Circle-CUP 2025,CR,Atzmännig,35,2025-02-08,https://www.swiss-ski-kwo.ch/tk/ranglisten/2025/1401.pdf
Mael Börlin,Knaben U12,Living Circle-CUP 2025,CR,Atzmännig,100,2025-02-08,https://www.swiss-ski-kwo.ch/tk/ranglisten/2025/1401.pdf
Melicia Baumgartner,Mädchen U14,Living Circle-CUP 2025,CR,Atzmännig,60,2025-02-08,https://www.swiss-ski-kwo.ch/tk/ranglisten/2025/1401.pdf
Pascal Hensch,Knaben U14,Living Circle-CUP 2025,CR,Atzmännig,60,2025-02-08,https://www.swiss-ski-kwo.ch/tk/ranglisten/2025/1401.pdf
Lars Stöckenius,U11,"Campionati Regionali TISKI, Slalom",Slalom,Airolo Pesciüm (TISKI) / Airolo / Greina / Adula,1,2025-02-09,https://www.swiss-ski-kwo.ch/tk/ranglisten/2025/1151.pdf
Till Stöckenius,U11,"Campionati Regionali TISKI, Slalom",Slalom,Airolo Pesciüm (TISKI) / Airolo / Greina / Adula,5,2025-02-09,https://www.swiss-ski-kwo.ch/tk/ranglisten/2025/1151.pdf
Aliyah Roshardt,Mädchen U16,Living Circle-CUP 2025,SG1,Stoos,45,2025-02-09,https://www.swiss-ski-kwo.ch/tk/ranglisten/2025/1401.pdf
Aliyah Roshardt,Mädchen U16,Living Circle-CUP 2025,SG2,Stoos,50,2025-02-09,https://www.swiss-ski-kwo.ch/tk/ranglisten/2025/1401.pdf
Finn Simmerle,Knaben U16,Living Circle-CUP 2025,SG1,Stoos,60,2025-02-09,https://www.swiss-ski-kwo.ch/tk/ranglisten/2025/1401.pdf
Finn Simmerle,Knaben U16,Living Circle-CUP 2025,SG2,Stoos,50,2025-02-09,https://www.swiss-ski-kwo.ch/tk/ranglisten/2025/1401.pdf
Justin Janssen,Knaben U16,Living Circle-CUP 2025,SG1,Stoos,60,2025-02-09,https://www.swiss-ski-kwo.ch/tk/ranglisten/2025/1401.pdf
Louis Seiler,Knaben U16,Living Circle-CUP 2025,SG1,Stoos,45,2025-02-09,https://www.swiss-ski-kwo.ch/tk/ranglisten/2025/1401.pdf
Louis Seiler,Knaben U16,Living Circle-CUP 2025,SG2,Stoos,30,2025-02-09,https://www.swiss-ski-kwo.ch/tk/ranglisten/2025/1401.pdf
Melicia Baumgartner,Mädchen U14,Living Circle-CUP 2025,SG1,Stoos,80,2025-02-09,https://www.swiss-ski-kwo.ch/tk/ranglisten/2025/1401.pdf
Melicia Baumgartner,Mädchen U14,Living Circle-CUP 2025,SG2,Stoos,60,2025-02-09,https://www.swiss-ski-kwo.ch/tk/ranglisten/2025/1401.pdf
Pascal Hensch,Knaben U14,Living Circle-CUP 2025,SG1,Stoos,50,2025-02-09,https://www.swiss-ski-kwo.ch/tk/ranglisten/2025/1401.pdf
Mael Börlin,U12,SSW Raiffeisen Cup Nr. 4,Riesenslalom,Wangs-Pizol (SSW),7,2025-02-09,https://www.swiss-ski-kwo.ch/tk/ranglisten/2025/1111.pdf
Mael Börlin,Knaben U12,SSW Raiffeisen Cup Nr. 5,Riesenslalom,Wangs-Pizol (SSW),8,2025-02-09,https://www.swiss-ski-kwo.ch/tk/ranglisten/2025/1112.pdf
Aliyah Roshardt,MU16,"Swiss-Ski JO-Punkterennen Stoos, ZSSV & ZSV Meisterschaften",Super-G,Stoos,12,2025-02-09,https://www.swiss-ski-kwo.ch/tk/ranglisten/2025/1212.pdf
Finn Simmerle,KU16,"Swiss-Ski JO-Punkterennen Stoos, ZSSV & ZSV Meisterschaften",Super-G,Stoos,10,2025-02-09,https://www.swiss-ski-kwo.ch/tk/ranglisten/2025/1212.pdf
Justin Janssen,KU16,"Swiss-Ski JO-Punkterennen Stoos, ZSSV & ZSV Meisterschaften",Super-G,Stoos,25,2025-02-09,https://www.swiss-ski-kwo.ch/tk/ranglisten/2025/1212.pdf
Louis Seiler,KU16,"Swiss-Ski JO-Punkterennen Stoos, ZSSV & ZSV Meisterschaften",Super-G,Stoos,24,2025-02-09,https://www.swiss-ski-kwo.ch/tk/ranglisten/2025/1212.pdf
Melicia Baumgartner,MU14,"Swiss-Ski JO-Punkterennen Stoos, ZSSV & ZSV Meisterschaften",Super-G,Stoos,6,2025-02-09,https://www.swiss-ski-kwo.ch/tk/ranglisten/2025/1212.pdf
Pascal Hensch,KU14,"Swiss-Ski JO-Punkterennen Stoos, ZSSV & ZSV Meisterschaften",Super-G,Stoos,9,2025-02-09,https://www.swiss-ski-kwo.ch/tk/ranglisten/2025/1212.pdf
Aliyah Roshardt,MU16,"Swiss-Ski JO-Punkterennen Stoos, ZSV Alpin Cup",Super-G,Stoos,6,2025-02-09,https://www.swiss-ski-kwo.ch/tk/ranglisten/2025/1213.pdf
Finn Simmerle,KU16,"Swiss-Ski JO-Punkterennen Stoos, ZSV Alpin Cup",Super-G,Stoos,25,2025-02-09,https://www.swiss-ski-kwo.ch/tk/ranglisten/2025/1213.pdf
Justin Janssen,KU16,"Swiss-Ski JO-Punkterennen Stoos, ZSV Alpin Cup",Super-G,Stoos,26,2025-02-09,https://www.swiss-ski-kwo.ch/tk/ranglisten/2025/1213.pdf
Louis Seiler,KU16,"Swiss-Ski JO-Punkterennen Stoos, ZSV Alpin Cup",Super-G,Stoos,31,2025-02-09,https://www.swiss-ski-kwo.ch/tk/ranglisten/2025/1213.pdf
Melicia Baumgartner,MU14,"Swiss-Ski JO-Punkterennen Stoos, ZSV Alpin Cup",Super-G,Stoos,8,2025-02-09,https://www.swiss-ski-kwo.ch/tk/ranglisten/2025/1213.pdf
Pascal Hensch,KU14,"Swiss-Ski JO-Punkterennen Stoos, ZSV Alpin Cup",Super-G,Stoos,10,2025-02-09,https://www.swiss-ski-kwo.ch/tk/ranglisten/2025/1213.pdf
Aliyah Roshardt,Mädchen U16,Living Circle-CUP 2025,SL,Hoch Ybrig,50,2025-02-15,https://www.swiss-ski-kwo.ch/tk/ranglisten/2025/1401.pdf
Anna Seiler,Mädchen U14,Living Circle-CUP 2025,SL,Hoch Ybrig,22,2025-02-15,https://www.swiss-ski-kwo.ch/tk/ranglisten/2025/1401.pdf
Chiara Luana Kaifer,Mädchen U12,Living Circle-CUP 2025,SL,Hoch Ybrig,50,2025-02-15,https://www.swiss-ski-kwo.ch/tk/ranglisten/2025/1401.pdf
Elisa Baumgartner,Mädchen U12,Living Circle-CUP 2025,SL,Hoch Ybrig,60,2025-02-15,https://www.swiss-ski-kwo.ch/tk/ranglisten/2025/1401.pdf
Finn Simmerle,Knaben U16,Living Circle-CUP 2025,SL,Hoch Ybrig,40,2025-02-15,https://www.swiss-ski-kwo.ch/tk/ranglisten/2025/1401.pdf
Mael Börlin,Knaben U12,Living Circle-CUP 2025,SL,Hoch Ybrig,40,2025-02-15,https://www.swiss-ski-kwo.ch/tk/ranglisten/2025/1401.pdf
Melicia Baumgartner,Mädchen U14,Living Circle-CUP 2025,SL,Hoch Ybrig,80,2025-02-15,https://www.swiss-ski-kwo.ch/tk/ranglisten/2025/1401.pdf
Baumgartner Benjamin,KU09,ZSV Meisterschaft Alpin 2025 JOMINI,Minikippi-Slalom,Hoch-Ybrig,6,2025-02-15,https://www.swiss-ski-kwo.ch/tk/ranglisten/2025/1417.pdf
Czarnecki Lara,MU09,ZSV Meisterschaft Alpin 2025 JOMINI,Minikippi-Slalom,Hoch-Ybrig,3,2025-02-15,https://www.swiss-ski-kwo.ch/tk/ranglisten/2025/1417.pdf
Czermak Lara,KU11,ZSV Meisterschaft Alpin 2025 JOMINI,Minikippi-Slalom,Hoch-Ybrig,DNF,2025-02-15,https://www.swiss-ski-kwo.ch/tk/ranglisten/2025/1417.pdf
Fuhrer Ramon,KU11,ZSV Meisterschaft Alpin 2025 JOMINI,Minikippi-Slalom,Hoch-Ybrig,18,2025-02-15,https://www.swiss-ski-kwo.ch/tk/ranglisten/2025/1417.pdf
Hensch Silvan,KU11,ZSV Meisterschaft Alpin 2025 JOMINI,Minikippi-Slalom,Hoch-Ybrig,1,2025-02-15,https://www.swiss-ski-kwo.ch/tk/ranglisten/2025/1417.pdf
Kaifer Cédric Andrin,KU11,ZSV Meisterschaft Alpin 2025 JOMINI,Minikippi-Slalom,Hoch-Ybrig,DNF,2025-02-15,https://www.swiss-ski-kwo.ch/tk/ranglisten/2025/1417.pdf
Stöckenius Till,KU11,ZSV Meisterschaft Alpin 2025 JOMINI,Minikippi-Slalom,Hoch-Ybrig,5,2025-02-15,https://www.swiss-ski-kwo.ch/tk/ranglisten/2025/1417.pdf
Robin Tschümperlin,Herren,ZSV Meisterschaften 2025 Damen & Herren,Slalom,"Hoch Ybrig (ZSV) / Drusberg, Einsiedeln, Feusisberg, Oberiberg",DNS,2025-02-15,https://www.swiss-ski-kwo.ch/tk/ranglisten/2025/1418.pdf
Baumgartner Elisa,MU12,ZSV Meisterschaften 2025 JORVA,Slalom,"Hoch Ybrig (ZSV) / Drusberg, Einsiedeln, Feusisberg, Oberiberg",3,2025-02-15,https://www.swiss-ski-kwo.ch/tk/ranglisten/2025/1391.pdf
Baumgartner Melicia,MU14,ZSV Meisterschaften 2025 JORVA,Slalom,"Hoch Ybrig (ZSV) / Drusberg, Einsiedeln, Feusisberg, Oberiberg",DNF,2025-02-15,https://www.swiss-ski-kwo.ch/tk/ranglisten/2025/1391.pdf
Börlin Mael,KU12,ZSV Meisterschaften 2025 JORVA,Slalom,"Hoch Ybrig (ZSV) / Drusberg, Einsiedeln, Feusisberg, Oberiberg",2,2025-02-15,https://www.swiss-ski-kwo.ch/tk/ranglisten/2025/1391.pdf
Hensch Pascal,KU14,ZSV Meisterschaften 2025 JORVA,Slalom,"Hoch Ybrig (ZSV) / Drusberg, Einsiedeln, Feusisberg, Oberiberg",DNF,2025-02-15,https://www.swiss-ski-kwo.ch/tk/ranglisten/2025/1391.pdf
Janssen Justin,KU16,ZSV Meisterschaften 2025 JORVA,Slalom,"Hoch Ybrig (ZSV) / Drusberg, Einsiedeln, Feusisberg, Oberiberg",4,2025-02-15,https://www.swiss-ski-kwo.ch/tk/ranglisten/2025/1391.pdf
Kaifer Chiara Luana,MU12,ZSV Meisterschaften 2025 JORVA,Slalom,"Hoch Ybrig (ZSV) / Drusberg, Einsiedeln, Feusisberg, Oberiberg",2,2025-02-15,https://www.swiss-ski-kwo.ch/tk/ranglisten/2025/1391.pdf
Roshardt Aliyah,MU16,ZSV Meisterschaften 2025 JORVA,Slalom,"Hoch Ybrig (ZSV) / Drusberg, Einsiedeln, Feusisberg, Oberiberg",DNF,2025-02-15,https://www.swiss-ski-kwo.ch/tk/ranglisten/2025/1391.pdf
Simmerle Finn,KU16,ZSV Meisterschaften 2025 JORVA,Slalom,"Hoch Ybrig (ZSV) / Drusberg, Einsiedeln, Feusisberg, Oberiberg",DNF,2025-02-15,https://www.swiss-ski-kwo.ch/tk/ranglisten/2025/1391.pdf
Czermak Emil,KU10,Chäserrugg Kids Cup,Mini-Kipp Slalom,Unterwasser,5,2025-02-16,https://www.swiss-ski-kwo.ch/tk/ranglisten/2025/1104.pdf
Czermak Lara,MU8,Chäserrugg Kids Cup,Mini-Kipp Slalom,Unterwasser,2,2025-02-16,https://www.swiss-ski-kwo.ch/tk/ranglisten/2025/1104.pdf
Lars Stöckenius,U11,Dulei - Raiffeisen Cup,Gigante,Carì,4,2025-02-16,https://www.swiss-ski-kwo.ch/tk/ranglisten/2025/1161.pdf
Till Stöckenius,U11,Dulei - Raiffeisen Cup,Gigante,Carì,2,2025-02-16,https://www.swiss-ski-kwo.ch/tk/ranglisten/2025/1161.pdf
Lars Stöckenius,U11,Dulei 2,Gigante,Carì,1,2025-02-16,https://www.swiss-ski-kwo.ch/tk/ranglisten/2025/1598.pdf
Till Stöckenius,U11,Dulei 2,Gigante,Carì,4,2025-02-16,https://www.swiss-ski-kwo.ch/tk/ranglisten/2025/1598.pdf
Chiara Kaifer,Mädchen / Filles 2013,Grand Prix Migros,,Sörenberg,8,2025-02-16,https://www.swiss-ski-kwo.ch/tk/ranglisten/2025/1055.pdf
Kaifer Cédric,Knaben / Garçons 2015,Grand Prix Migros,,Sörenberg,3,2025-02-16,https://www.swiss-ski-kwo.ch/tk/ranglisten/2025/1054.pdf
Aliyah Roshardt,Mädchen U16,Living Circle-CUP 2025,RS,Hoch Ybrig,80,2025-02-16,https://www.swiss-ski-kwo.ch/tk/ranglisten/2025/1401.pdf
Chiara Luana Kaifer,Mädchen U12,Living Circle-CUP 2025,RS,Hoch Ybrig,80,2025-02-16,https://www.swiss-ski-kwo.ch/tk/ranglisten/2025/1401.pdf
Elisa Baumgartner,Mädchen U12,Living Circle-CUP 2025,RS,Hoch Ybrig,60,2025-02-16,https://www.swiss-ski-kwo.ch/tk/ranglisten/2025/1401.pdf
Finn Simmerle,Knaben U16,Living Circle-CUP 2025,RS,Hoch Ybrig,45,2025-02-16,https://www.swiss-ski-kwo.ch/tk/ranglisten/2025/1401.pdf
Justin Janssen,Knaben U16,Living Circle-CUP 2025,RS,Hoch Ybrig,60,2025-02-16,https://www.swiss-ski-kwo.ch/tk/ranglisten/2025/1401.pdf
Mael Börlin,Knaben U12,Living Circle-CUP 2025,RS,Hoch Ybrig,30,2025-02-16,https://www.swiss-ski-kwo.ch/tk/ranglisten/2025/1401.pdf
Melicia Baumgartner,Mädchen U14,Living Circle-CUP 2025,RS,Hoch Ybrig,60,2025-02-16,https://www.swiss-ski-kwo.ch/tk/ranglisten/2025/1401.pdf
Pascal Hensch,Knaben U14,Living Circle-CUP 2025,RS,Hoch Ybrig,40,2025-02-16,https://www.swiss-ski-kwo.ch/tk/ranglisten/2025/1401.pdf
Ramon Fuhrer,Knaben U14,Living Circle-CUP 2025,RS,Hoch Ybrig,2,2025-02-16,https://www.swiss-ski-kwo.ch/tk/ranglisten/2025/1401.pdf
Baumgartner Elisa,MU12,ZSV Meisterschaften 2025 JORVA,Riesenslalom,"Hoch Ybrig (ZSV) / Drusberg, Einsiedeln, Feusisberg, Oberiberg",DNF,2025-02-16,https://www.swiss-ski-kwo.ch/tk/ranglisten/2025/1392.pdf
Baumgartner Melicia,MU14,ZSV Meisterschaften 2025 JORVA,Riesenslalom,"Hoch Ybrig (ZSV) / Drusberg, Einsiedeln, Feusisberg, Oberiberg",3,2025-02-16,https://www.swiss-ski-kwo.ch/tk/ranglisten/2025/1392.pdf
Börlin Mael,KU12,ZSV Meisterschaften 2025 JORVA,Riesenslalom,"Hoch Ybrig (ZSV) / Drusberg, Einsiedeln, Feusisberg, Oberiberg",6,2025-02-16,https://www.swiss-ski-kwo.ch/tk/ranglisten/2025/1392.pdf
Hensch Pascal,KU14,ZSV Meisterschaften 2025 JORVA,Riesenslalom,"Hoch Ybrig (ZSV) / Drusberg, Einsiedeln, Feusisberg, Oberiberg",8,2025-02-16,https://www.swiss-ski-kwo.ch/tk/ranglisten/2025/1392.pdf
Janssen Justin,KU16,ZSV Meisterschaften 2025 JORVA,Riesenslalom,"Hoch Ybrig (ZSV) / Drusberg, Einsiedeln, Feusisberg, Oberiberg",DNF,2025-02-16,https://www.swiss-ski-kwo.ch/tk/ranglisten/2025/1392.pdf
Roshardt Aliyah,MU16,ZSV Meisterschaften 2025 JORVA,Riesenslalom,"Hoch Ybrig (ZSV) / Drusberg, Einsiedeln, Feusisberg, Oberiberg",4,2025-02-16,https://www.swiss-ski-kwo.ch/tk/ranglisten/2025/1392.pdf
Simmerle Finn,KU16,ZSV Meisterschaften 2025 JORVA,Riesenslalom,"Hoch Ybrig (ZSV) / Drusberg, Einsiedeln, Feusisberg, Oberiberg",5,2025-02-16,https://www.swiss-ski-kwo.ch/tk/ranglisten/2025/1392.pdf
Lars Stöckenius,Ragazzi / Knaben 2015,Grand Prix Migros,,Airolo,7,2025-02-22,https://www.swiss-ski-kwo.ch/tk/ranglisten/2025/1056.pdf
Stöckenius Till,Knaben 2014,Grand Prix Migros,,Airolo,10,2025-02-22,https://www.swiss-ski-kwo.ch/tk/ranglisten/2025/1057.pdf
Aliyah Roshardt,Mädchen U16,Living Circle-CUP 2025,RS1,Hoch Ybrig,100,2025-02-22,https://www.swiss-ski-kwo.ch/tk/ranglisten/2025/1401.pdf
Elisa Baumgartner,Mädchen U12,Living Circle-CUP 2025,RS1,Hoch Ybrig,50,2025-02-22,https://www.swiss-ski-kwo.ch/tk/ranglisten/2025/1401.pdf
Elisa Baumgartner,Mädchen U12,Living Circle-CUP 2025,RS2,Hoch Ybrig,40,2025-02-22,https://www.swiss-ski-kwo.ch/tk/ranglisten/2025/1401.pdf
Justin Janssen,Knaben U16,Living Circle-CUP 2025,RS1,Hoch Ybrig,50,2025-02-22,https://www.swiss-ski-kwo.ch/tk/ranglisten/2025/1401.pdf
Mael Börlin,Knaben U12,Living Circle-CUP 2025,RS1,Hoch Ybrig,50,2025-02-22,https://www.swiss-ski-kwo.ch/tk/ranglisten/2025/1401.pdf
Mael Börlin,Knaben U12,Living Circle-CUP 2025,RS2,Hoch Ybrig,30,2025-02-22,https://www.swiss-ski-kwo.ch/tk/ranglisten/2025/1401.pdf
Melicia Baumgartner,Mädchen U14,Living Circle-CUP 2025,RS1,Hoch Ybrig,50,2025-02-22,https://www.swiss-ski-kwo.ch/tk/ranglisten/2025/1401.pdf
Melicia Baumgartner,Mädchen U14,Living Circle-CUP 2025,RS2,Hoch Ybrig,60,2025-02-22,https://www.swiss-ski-kwo.ch/tk/ranglisten/2025/1401.pdf
Pascal Hensch,Knaben U14,Living Circle-CUP 2025,RS1,Hoch Ybrig,26,2025-02-22,https://www.swiss-ski-kwo.ch/tk/ranglisten/2025/1401.pdf
Denecke Anna,U12,MobiliarCup 2025 - Riesenslalom 1,Riesenslalom,Parpan (Heimberg),13,2025-02-22,https://www.swiss-ski-kwo.ch/tk/ranglisten/2025/1554.pdf
Anna Denecke,U12,MobiliarCup 2025 - Riesenslalom 2,Riesenslalom,Parpan (Heimberg),10,2025-02-22,https://www.swiss-ski-kwo.ch/tk/ranglisten/2025/1555.pdf
Aliyah Roshardt,MU16,Schwyzer Kantonalbank Race 2025,Riesenslalom,Hoch-Ybrig,1,2025-02-22,https://www.swiss-ski-kwo.ch/tk/ranglisten/2025/1394.pdf
Benjamin Baumgartner,KU9,Schwyzer Kantonalbank Race 2025,Riesenslalom Mini,Hoch-Ybrig,7,2025-02-22,https://www.swiss-ski-kwo.ch/tk/ranglisten/2025/1395.pdf
Cédric Andrin Kaifer,KU11,Schwyzer Kantonalbank Race 2025,Riesenslalom Mini,Hoch-Ybrig,11,2025-02-22,https://www.swiss-ski-kwo.ch/tk/ranglisten/2025/1395.pdf
Elisa Baumgartner,MU12,Schwyzer Kantonalbank Race 2025,Riesenslalom,Hoch-Ybrig,3,2025-02-22,https://www.swiss-ski-kwo.ch/tk/ranglisten/2025/1394.pdf
Finn Simmerle,KU16,Schwyzer Kantonalbank Race 2025,Riesenslalom,Hoch-Ybrig,DNS,2025-02-22,https://www.swiss-ski-kwo.ch/tk/ranglisten/2025/1394.pdf
Justin Janssen,KU16,Schwyzer Kantonalbank Race 2025,Riesenslalom,Hoch-Ybrig,6,2025-02-22,https://www.swiss-ski-kwo.ch/tk/ranglisten/2025/1394.pdf
Mael Börlin,KU12,Schwyzer Kantonalbank Race 2025,Riesenslalom,Hoch-Ybrig,4,2025-02-22,https://www.swiss-ski-kwo.ch/tk/ranglisten/2025/1394.pdf
Melicia Baumgartner,MU14,Schwyzer Kantonalbank Race 2025,Riesenslalom,Hoch-Ybrig,3,2025-02-22,https://www.swiss-ski-kwo.ch/tk/ranglisten/2025/1394.pdf
Nevio Boss,KU11,Schwyzer Kantonalbank Race 2025,Riesenslalom Mini,Hoch-Ybrig,13,2025-02-22,https://www.swiss-ski-kwo.ch/tk/ranglisten/2025/1395.pdf
Pascal Hensch,KU14,Schwyzer Kantonalbank Race 2025,Riesenslalom,Hoch-Ybrig,DNS,2025-02-22,https://www.swiss-ski-kwo.ch/tk/ranglisten/2025/1394.pdf
Silvan Hensch,KU11,Schwyzer Kantonalbank Race 2025,Riesenslalom Mini,Hoch-Ybrig,3,2025-02-22,https://www.swiss-ski-kwo.ch/tk/ranglisten/2025/1395.pdf
Baumgartner Elisa,MU12,Schwyzer Kantonalbank Race 2025 Jugend 1,Riesenslalom,Hoch-Ybrig,3,2025-02-22,https://www.swiss-ski-kwo.ch/tk/ranglisten/2025/1393.pdf
Baumgartner Melicia,MU14,Schwyzer Kantonalbank Race 2025 Jugend 1,Riesenslalom,Hoch-Ybrig,4,2025-02-22,https://www.swiss-ski-kwo.ch/tk/ranglisten/2025/1393.pdf
Börlin Mael,KU12,Schwyzer Kantonalbank Race 2025 Jugend 1,Riesenslalom,Hoch-Ybrig,8,2025-02-22,https://www.swiss-ski-kwo.ch/tk/ranglisten/2025/1393.pdf
Hensch Pascal,KU14,Schwyzer Kantonalbank Race 2025 Jugend 1,Riesenslalom,Hoch-Ybrig,13,2025-02-22,https://www.swiss-ski-kwo.ch/tk/ranglisten/2025/1393.pdf
Janssen Justin,KU16,Schwyzer Kantonalbank Race 2025 Jugend 1,Riesenslalom,Hoch-Ybrig,5,2025-02-22,https://www.swiss-ski-kwo.ch/tk/ranglisten/2025/1393.pdf
Roshardt Aliyah,MU16,Schwyzer Kantonalbank Race 2025 Jugend 1,Riesenslalom,Hoch-Ybrig,2,2025-02-22,https://www.swiss-ski-kwo.ch/tk/ranglisten/2025/1393.pdf
Simmerle Finn,KU16,Schwyzer Kantonalbank Race 2025 Jugend 1,Riesenslalom,Hoch-Ybrig,DNS,2025-02-22,https://www.swiss-ski-kwo.ch/tk/ranglisten/2025/1393.pdf
Good Saskia,Filles / Mädchen,Sunrise Cup 4 (U16 NC),Super-G,La Tzoumaz,47,2025-02-22,https://www.swiss-ski-kwo.ch/tk/ranglisten/2025/1023.pdf
Elisa Baumgartner,MU12,6. MTF Cup,Combi Race,Malbun,4,2025-02-23,https://www.swiss-ski-kwo.ch/tk/ranglisten/2025/1132.pdf
Mael Börlin,KU12,6. MTF Cup,Combi Race,Malbun,DNF,2025-02-23,https://www.swiss-ski-kwo.ch/tk/ranglisten/2025/1132.pdf
Melicia Baumgartner,MU14,6. MTF Cup,Combi Race,Malbun,5,2025-02-23,https://www.swiss-ski-kwo.ch/tk/ranglisten/2025/1132.pdf
Cédric Andrin Kaifer,KU11,6. MTF Cup U11 1130,Combi Race,Malbun,10,2025-02-23,https://www.swiss-ski-kwo.ch/tk/ranglisten/2025/1130.pdf
Lars Stöckenius,KU11,6. MTF Cup U11 1130,Combi Race,Malbun,6,2025-02-23,https://www.swiss-ski-kwo.ch/tk/ranglisten/2025/1130.pdf
Silvan Hensch,KU11,6. MTF Cup U11 1130,Combi Race,Malbun,5,2025-02-23,https://www.swiss-ski-kwo.ch/tk/ranglisten/2025/1130.pdf
Till Stöckenius,KU11,6. MTF Cup U11 1130,Combi Race,Malbun,14,2025-02-23,https://www.swiss-ski-kwo.ch/tk/ranglisten/2025/1130.pdf
Cédric Andrin Kaifer,KU11,7. MTF Cup,Combi Race,Malbun,6,2025-02-23,https://www.swiss-ski-kwo.ch/tk/ranglisten/2025/1131.pdf
Elisa Baumgartner,U12,7. MTF Cup,Combi Race,Malbun,DNF,2025-02-23,https://www.swiss-ski-kwo.ch/tk/ranglisten/2025/1133.pdf
Lars Stöckenius,KU11,7. MTF Cup,Combi Race,Malbun,7,2025-02-23,https://www.swiss-ski-kwo.ch/tk/ranglisten/2025/1131.pdf
Mael Börlin,U12,7. MTF Cup,Combi Race,Malbun,2,2025-02-23,https://www.swiss-ski-kwo.ch/tk/ranglisten/2025/1133.pdf
Melicia Baumgartner,U14,7. MTF Cup,Combi Race,Malbun,DNS,2025-02-23,https://www.swiss-ski-kwo.ch/tk/ranglisten/2025/1133.pdf
Silvan Hensch,KU11,7. MTF Cup,Combi Race,Malbun,3,2025-02-23,https://www.swiss-ski-kwo.ch/tk/ranglisten/2025/1131.pdf
Till Stöckenius,KU11,7. MTF Cup,Combi Race,Malbun,16,2025-02-23,https://www.swiss-ski-kwo.ch/tk/ranglisten/2025/1131.pdf
Stöckenius Lars,K3,Kids-Cup Davos-Prättigau 5,Riesenslalom,St. Antönien,DNS,2025-02-23,https://www.swiss-ski-kwo.ch/tk/ranglisten/2025/1585.pdf
Stöckenius Till,K3,Kids-Cup Davos-Prättigau 5,Riesenslalom,St. Antönien,DNS,2025-02-23,https://www.swiss-ski-kwo.ch/tk/ranglisten/2025/1585.pdf
Aliyah Roshardt,Mädchen U16,Living Circle-CUP 2025,DH,Hoch-Ybrig,45,2025-03-01,https://www.swiss-ski-kwo.ch/tk/ranglisten/2025/1401.pdf
Anna Seiler,Mädchen U14,Living Circle-CUP 2025,DH,Hoch-Ybrig,30,2025-03-01,https://www.swiss-ski-kwo.ch/tk/ranglisten/2025/1401.pdf
Chiara Luana Kaifer,Mädchen U12,Living Circle-CUP 2025,DH,Hoch-Ybrig,80,2025-03-01,https://www.swiss-ski-kwo.ch/tk/ranglisten/2025/1401.pdf
Elisa Baumgartner,Mädchen U12,Living Circle-CUP 2025,DH,Hoch-Ybrig,50,2025-03-01,https://www.swiss-ski-kwo.ch/tk/ranglisten/2025/1401.pdf
Finn Simmerle,Knaben U16,Living Circle-CUP 2025,DH,Hoch-Ybrig,40,2025-03-01,https://www.swiss-ski-kwo.ch/tk/ranglisten/2025/1401.pdf
Louis Seiler,Knaben U16,Living Circle-CUP 2025,DH,Hoch-Ybrig,30,2025-03-01,https://www.swiss-ski-kwo.ch/tk/ranglisten/2025/1401.pdf
Mael Börlin,Knaben U12,Living Circle-CUP 2025,DH,Hoch-Ybrig,60,2025-03-01,https://www.swiss-ski-kwo.ch/tk/ranglisten/2025/1401.pdf
Melicia Baumgartner,Mädchen U14,Living Circle-CUP 2025,DH,Hoch-Ybrig,60,2025-03-01,https://www.swiss-ski-kwo.ch/tk/ranglisten/2025/1401.pdf
Aliyah Roshardt,,Volksabfahrt Hoch-Ybrig,Abfahrt,Hoch-Ybrig,DNS,2025-03-01,https://www.swiss-ski-kwo.ch/tk/ranglisten/2025/1396.pdf
Chiara Luana Kaifer,R1 U12 Mädchen,Volksabfahrt Hoch-Ybrig,Abfahrt,Hoch-Ybrig,2,2025-03-01,https://www.swiss-ski-kwo.ch/tk/ranglisten/2025/1396.pdf
Elisa Baumgartner,R1 U12 Mädchen,Volksabfahrt Hoch-Ybrig,Abfahrt,Hoch-Ybrig,4,2025-03-01,https://www.swiss-ski-kwo.ch/tk/ranglisten/2025/1396.pdf
Finn Simmerle,R6 U16 Knaben,Volksabfahrt Hoch-Ybrig,Abfahrt,Hoch-Ybrig,7,2025-03-01,https://www.swiss-ski-kwo.ch/tk/ranglisten/2025/1396.pdf
Mael Börlin,R2 U12 Knaben,Volksabfahrt Hoch-Ybrig,Abfahrt,Hoch-Ybrig,9,2025-03-01,https://www.swiss-ski-kwo.ch/tk/ranglisten/2025/1396.pdf
Melicia Baumgartner,R3 U14 Mädchen,Volksabfahrt Hoch-Ybrig,Abfahrt,Hoch-Ybrig,3,2025-03-01,https://www.swiss-ski-kwo.ch/tk/ranglisten/2025/1396.pdf
Chiara Luana Kaifer,Mädchen U12,Living Circle-CUP 2025,SL1,Hoch Ybrig,45,2025-03-02,https://www.swiss-ski-kwo.ch/tk/ranglisten/2025/1401.pdf
Chiara Luana Kaifer,Mädchen U12,Living Circle-CUP 2025,SL2,Hoch Ybrig,60,2025-03-02,https://www.swiss-ski-kwo.ch/tk/ranglisten/2025/1401.pdf
Finn Simmerle,Knaben U16,Living Circle-CUP 2025,SL1,Hoch Ybrig,35,2025-03-02,https://www.swiss-ski-kwo.ch/tk/ranglisten/2025/1401.pdf
Justin Janssen,Knaben U16,Living Circle-CUP 2025,SL1,Hoch Ybrig,26,2025-03-02,https://www.swiss-ski-kwo.ch/tk/ranglisten/2025/1401.pdf
Justin Janssen,Knaben U16,Living Circle-CUP 2025,SL2,Hoch Ybrig,26,2025-03-02,https://www.swiss-ski-kwo.ch/tk/ranglisten/2025/1401.pdf
Louis Seiler,Knaben U16,Living Circle-CUP 2025,SL1,Hoch Ybrig,35,2025-03-02,https://www.swiss-ski-kwo.ch/tk/ranglisten/2025/1401.pdf
Mael Börlin,Knaben U12,Living Circle-CUP 2025,SL1,Hoch Ybrig,80,2025-03-02,https://www.swiss-ski-kwo.ch/tk/ranglisten/2025/1401.pdf
Melicia Baumgartner,Mädchen U14,Living Circle-CUP 2025,SL1,Hoch Ybrig,60,2025-03-02,https://www.swiss-ski-kwo.ch/tk/ranglisten/2025/1401.pdf
Melicia Baumgartner,Mädchen U14,Living Circle-CUP 2025,SL2,Hoch Ybrig,100,2025-03-02,https://www.swiss-ski-kwo.ch/tk/ranglisten/2025/1401.pdf
Aliyah Roshardt,MU16,SSC RiSa Derby-Slalom 1,Slalom,Hoch-Ybrig,DNF,2025-03-02,https://www.swiss-ski-kwo.ch/tk/ranglisten/2025/1397.pdf
Anna Seiler,MU14,SSC RiSa Derby-Slalom 1,Slalom,Hoch-Ybrig,9,2025-03-02,https://www.swiss-ski-kwo.ch/tk/ranglisten/2025/1397.pdf
Chiara Luana Kaifer,MU12,SSC RiSa Derby-Slalom 1,Slalom,Hoch-Ybrig,5,2025-03-02,https://www.swiss-ski-kwo.ch/tk/ranglisten/2025/1397.pdf
Elisa Baumgartner,MU12,SSC RiSa Derby-Slalom 1,Slalom,Hoch-Ybrig,6,2025-03-02,https://www.swiss-ski-kwo.ch/tk/ranglisten/2025/1397.pdf
Finn Simmerle,KU16,SSC RiSa Derby-Slalom 1,Slalom,Hoch-Ybrig,8,2025-03-02,https://www.swiss-ski-kwo.ch/tk/ranglisten/2025/1397.pdf
Justin Janssen,KU16,SSC RiSa Derby-Slalom 1,Slalom,Hoch-Ybrig,11,2025-03-02,https://www.swiss-ski-kwo.ch/tk/ranglisten/2025/1397.pdf
Louis Seiler,KU16,SSC RiSa Derby-Slalom 1,Slalom,Hoch-Ybrig,10,2025-03-02,https://www.swiss-ski-kwo.ch/tk/ranglisten/2025/1397.pdf
Mael Börlin,KU12,SSC RiSa Derby-Slalom 1,Slalom,Hoch-Ybrig,3,2025-03-02,https://www.swiss-ski-kwo.ch/tk/ranglisten/2025/1397.pdf
Melicia Baumgartner,MU14,SSC RiSa Derby-Slalom 1,Slalom,Hoch-Ybrig,3,2025-03-02,https://www.swiss-ski-kwo.ch/tk/ranglisten/2025/1397.pdf
Ramon Fuhrer,KU14,SSC RiSa Derby-Slalom 1,Slalom,Hoch-Ybrig,17,2025-03-02,https://www.swiss-ski-kwo.ch/tk/ranglisten/2025/1397.pdf
Baumgartner Elisa,MU12,SSC RiSa Derby-Slalom 2,Slalom,Hoch-Ybrig,4.0,2025-03-02,https://www.swiss-ski-kwo.ch/tk/ranglisten/2025/1398.pdf
Baumgartner Melicia,MU14,SSC RiSa Derby-Slalom 2,Slalom,Hoch-Ybrig,1.0,2025-03-02,https://www.swiss-ski-kwo.ch/tk/ranglisten/2025/1398.pdf
Börlin Mael,KU12,SSC RiSa Derby-Slalom 2,Slalom,Hoch-Ybrig,2.0,2025-03-02,https://www.swiss-ski-kwo.ch/tk/ranglisten/2025/1398.pdf
Fuhrer Ramon,KU14,SSC RiSa Derby-Slalom 2,Slalom,Hoch-Ybrig,24.0,2025-03-02,https://www.swiss-ski-kwo.ch/tk/ranglisten/2025/1398.pdf
Janssen Justin,KU16,SSC RiSa Derby-Slalom 2,Slalom,Hoch-Ybrig,11.0,2025-03-02,https://www.swiss-ski-kwo.ch/tk/ranglisten/2025/1398.pdf
Kaifer Chiara Luana,MU12,SSC RiSa Derby-Slalom 2,Slalom,Hoch-Ybrig,3.0,2025-03-02,https://www.swiss-ski-kwo.ch/tk/ranglisten/2025/1398.pdf
Roshardt Aliyah,MU16,SSC RiSa Derby-Slalom 2,Slalom,Hoch-Ybrig,5.0,2025-03-02,https://www.swiss-ski-kwo.ch/tk/ranglisten/2025/1398.pdf
Seiler Anna,MU14,SSC RiSa Derby-Slalom 2,Slalom,Hoch-Ybrig,,2025-03-02,https://www.swiss-ski-kwo.ch/tk/ranglisten/2025/1398.pdf
Seiler Louis,KU16,SSC RiSa Derby-Slalom 2,Slalom,Hoch-Ybrig,8.0,2025-03-02,https://www.swiss-ski-kwo.ch/tk/ranglisten/2025/1398.pdf
Simmerle Finn,KU16,SSC RiSa Derby-Slalom 2,Slalom,Hoch-Ybrig,,2025-03-02,https://www.swiss-ski-kwo.ch/tk/ranglisten/2025/1398.pdf
Benjamin Baumgartner,KU9,"SSC RiSa Derby-Slalom U11, U9",Derby-Slalom,Hoch-Ybrig,DNF,2025-03-02,https://www.swiss-ski-kwo.ch/tk/ranglisten/2025/1399.pdf
Cédric Andrin Kaifer,KU11,"SSC RiSa Derby-Slalom U11, U9",Derby-Slalom,Hoch-Ybrig,11,2025-03-02,https://www.swiss-ski-kwo.ch/tk/ranglisten/2025/1399.pdf
Lars Stöckenius,KU11,"SSC RiSa Derby-Slalom U11, U9",Derby-Slalom,Hoch-Ybrig,10,2025-03-02,https://www.swiss-ski-kwo.ch/tk/ranglisten/2025/1399.pdf
Silvan Hensch,KU11,"SSC RiSa Derby-Slalom U11, U9",Derby-Slalom,Hoch-Ybrig,2,2025-03-02,https://www.swiss-ski-kwo.ch/tk/ranglisten/2025/1399.pdf
Till Stöckenius,KU11,"SSC RiSa Derby-Slalom U11, U9",Derby-Slalom,Hoch-Ybrig,12,2025-03-02,https://www.swiss-ski-kwo.ch/tk/ranglisten/2025/1399.pdf
Baumgartner Elisa,Mädchen / Filles 2013,Grand Prix Migros,,Lenzerheide,5,2025-03-09,https://www.swiss-ski-kwo.ch/tk/ranglisten/2025/1059.pdf
Denecke Anna,Mädchen / Filles 2013,Grand Prix Migros,,Lenzerheide,DNF,2025-03-09,https://www.swiss-ski-kwo.ch/tk/ranglisten/2025/1059.pdf
Boss Nevio,KU11,Voitsport Race 21,Combi-Race,Brunni/Haggenegg (ZSV),12,2025-03-09,https://www.swiss-ski-kwo.ch/tk/ranglisten/2025/1377.pdf
Czermak Lara,MU9,Voitsport Race 21,Combi-Race,Brunni/Haggenegg (ZSV),6,2025-03-09,https://www.swiss-ski-kwo.ch/tk/ranglisten/2025/1377.pdf
Hensch Silvan,KU11,Voitsport Race 21,Combi-Race,Brunni/Haggenegg (ZSV),5,2025-03-09,https://www.swiss-ski-kwo.ch/tk/ranglisten/2025/1377.pdf
Kaifer Cédric Andrin,KU11,Voitsport Race 21,Combi-Race,Brunni/Haggenegg (ZSV),9,2025-03-09,https://www.swiss-ski-kwo.ch/tk/ranglisten/2025/1377.pdf
Andracchio Dario,KU9,Chäserrugg Kids Cup,Kombi Race Off-Piste,Chäserrugg,20,2025-03-16,https://www.swiss-ski-kwo.ch/tk/ranglisten/2025/1105.pdf
Baumgartner Benjamin,KU8,Chäserrugg Kids Cup,Kombi Race Off-Piste,Chäserrugg,3,2025-03-16,https://www.swiss-ski-kwo.ch/tk/ranglisten/2025/1105.pdf
Czermak Emil,KU10,Chäserrugg Kids Cup,Kombi Race Off-Piste,Chäserrugg,13,2025-03-16,https://www.swiss-ski-kwo.ch/tk/ranglisten/2025/1105.pdf
Czermak Lara,MU8,Chäserrugg Kids Cup,Kombi Race Off-Piste,Chäserrugg,1,2025-03-16,https://www.swiss-ski-kwo.ch/tk/ranglisten/2025/1105.pdf
Hensch Silvan,KU11,Chäserrugg Kids Cup,Kombi Race Off-Piste,Chäserrugg,3,2025-03-16,https://www.swiss-ski-kwo.ch/tk/ranglisten/2025/1105.pdf
Kaifer Cédric Andrin,KU10,Chäserrugg Kids Cup,Kombi Race Off-Piste,Chäserrugg,9,2025-03-16,https://www.swiss-ski-kwo.ch/tk/ranglisten/2025/1105.pdf
Kempf Felix,KU7,Chäserrugg Kids Cup,Kombi Race Off-Piste,Chäserrugg,DNS,2025-03-16,https://www.swiss-ski-kwo.ch/tk/ranglisten/2025/1105.pdf
Pfister Flynn,KU7,Chäserrugg Kids Cup,Kombi Race Off-Piste,Chäserrugg,11,2025-03-16,https://www.swiss-ski-kwo.ch/tk/ranglisten/2025/1105.pdf
Rigó Mikka,KU7,Chäserrugg Kids Cup,Kombi Race Off-Piste,Chäserrugg,7,2025-03-16,https://www.swiss-ski-kwo.ch/tk/ranglisten/2025/1105.pdf
Schoch Rahel,MU7,Chäserrugg Kids Cup,Kombi Race Off-Piste,Chäserrugg,5,2025-03-16,https://www.swiss-ski-kwo.ch/tk/ranglisten/2025/1105.pdf
Vontobel Gianandrea,KU7,Chäserrugg Kids Cup,Kombi Race Off-Piste,Chäserrugg,13,2025-03-16,https://www.swiss-ski-kwo.ch/tk/ranglisten/2025/1105.pdf
Wintsch Leano,KU8,Chäserrugg Kids Cup,Kombi Race Off-Piste,Chäserrugg,DNF,2025-03-16,https://www.swiss-ski-kwo.ch/tk/ranglisten/2025/1105.pdf
Wälti Lenny,KU8,Chäserrugg Kids Cup,Kombi Race Off-Piste,Chäserrugg,8,2025-03-16,https://www.swiss-ski-kwo.ch/tk/ranglisten/2025/1105.pdf
Eline Baumgartner,U14,Grand Prix Migros,,Grindelwald Wengen,37,2025-03-16,https://www.swiss-ski-kwo.ch/tk/ranglisten/2025/1061.pdf
Aliyah Roshardt,Mädchen,Interregionale JO-Rennen Region Mitte,Slalom,ENGELBERG,14,2025-03-16,https://www.swiss-ski-kwo.ch/tk/ranglisten/2025/1043.pdf
Melicia Baumgartner,Mädchen,Interregionale JO-Rennen Region Mitte,Slalom,ENGELBERG,DNF,2025-03-16,https://www.swiss-ski-kwo.ch/tk/ranglisten/2025/1043.pdf
Lars Stöckenius,Knaben U11,Regio-Mini-Cup Prättigau-Davos,Slalom (Rennen 10),Davos Bolgen,8,2025-03-16,https://www.swiss-ski-kwo.ch/tk/ranglisten/2025/1518.pdf
Stöckenius Lars,Knaben U11,Regio-Mini-Cup Prättigau-Davos,Slalom (Rennen 9),Davos Bolgen,7,2025-03-16,https://www.swiss-ski-kwo.ch/tk/ranglisten/2025/1517.pdf
Stöckenius Till,Knaben U11,Regio-Mini-Cup Prättigau-Davos,Slalom (Rennen 9),Davos Bolgen,18,2025-03-16,https://www.swiss-ski-kwo.ch/tk/ranglisten/2025/1517.pdf
Till Stöckenius,Knaben U11,Regio-Mini-Cup Prättigau-Davos,Slalom (Rennen 10),Davos Bolgen,17,2025-03-16,https://www.swiss-ski-kwo.ch/tk/ranglisten/2025/1518.pdf
Aliyah Roshardt,Mädchen,Interregionale JO-Rennen Region Mitte,Riesenslalom,Engelberg,22,2025-03-17,https://www.swiss-ski-kwo.ch/tk/ranglisten/2025/1041.pdf
Melicia Baumgartner,Mädchen,Interregionale JO-Rennen Region Mitte,Riesenslalom,Engelberg,28,2025-03-17,https://www.swiss-ski-kwo.ch/tk/ranglisten/2025/1041.pdf
MINOGGIO Alessio,KU14,Coupe Raiffeisen OJ 14,Slalom Géant,Les Diablerets (SROM),18,2025-03-22,https://www.swiss-ski-kwo.ch/tk/ranglisten/2025/1440.pdf
Aliyah Roshardt,Mädchen U16,Living Circle-CUP 2025,Final,Hoch-Ybrig,200,2025-03-22,https://www.swiss-ski-kwo.ch/tk/ranglisten/2025/1401.pdf
Finn Simmerle,Knaben U16,Living Circle-CUP 2025,Final,Hoch-Ybrig,70,2025-03-22,https://www.swiss-ski-kwo.ch/tk/ranglisten/2025/1401.pdf
Justin Janssen,Knaben U16,Living Circle-CUP 2025,Final,Hoch-Ybrig,100,2025-03-22,https://www.swiss-ski-kwo.ch/tk/ranglisten/2025/1401.pdf
Mael Börlin,Knaben U12,Living Circle-CUP 2025,Final,Hoch-Ybrig,200,2025-03-22,https://www.swiss-ski-kwo.ch/tk/ranglisten/2025/1401.pdf
Melicia Baumgartner,Mädchen U14,Living Circle-CUP 2025,Final,Hoch-Ybrig,160,2025-03-22,https://www.swiss-ski-kwo.ch/tk/ranglisten/2025/1401.pdf
Artho Emma,U12 - U16,ZSV Clubmeisterschaft,Parallelslalom,Hoch Ybrig,,2025-03-22,https://www.swiss-ski-kwo.ch/tk/ranglisten/2025/1400.pdf
Baumgartner Benjamin,U11,ZSV Clubmeisterschaft,Parallelslalom,Hoch Ybrig,,2025-03-22,https://www.swiss-ski-kwo.ch/tk/ranglisten/2025/1400.pdf
Baumgartner Elisa,U12 - U16,ZSV Clubmeisterschaft,Parallelslalom,Hoch Ybrig,,2025-03-22,https://www.swiss-ski-kwo.ch/tk/ranglisten/2025/1400.pdf
Baumgartner Melicia,U12 - U16,ZSV Clubmeisterschaft,Parallelslalom,Hoch Ybrig,,2025-03-22,https://www.swiss-ski-kwo.ch/tk/ranglisten/2025/1400.pdf
Boss Nevio,U12 - U16,ZSV Clubmeisterschaft,Parallelslalom,Hoch Ybrig,DSQ,2025-03-22,https://www.swiss-ski-kwo.ch/tk/ranglisten/2025/1400.pdf
Börlin Mael,U12 - U16,ZSV Clubmeisterschaft,Parallelslalom,Hoch Ybrig,,2025-03-22,https://www.swiss-ski-kwo.ch/tk/ranglisten/2025/1400.pdf
Janssen Justin,U12 - U16,ZSV Clubmeisterschaft,Parallelslalom,Hoch Ybrig,,2025-03-22,https://www.swiss-ski-kwo.ch/tk/ranglisten/2025/1400.pdf
Kaifer Cédric,U11,ZSV Clubmeisterschaft,Parallelslalom,Hoch Ybrig,,2025-03-22,https://www.swiss-ski-kwo.ch/tk/ranglisten/2025/1400.pdf
Roshardt Aliyah,U12 - U16,ZSV Clubmeisterschaft,Parallelslalom,Hoch Ybrig,,2025-03-22,https://www.swiss-ski-kwo.ch/tk/ranglisten/2025/1400.pdf
Simmerle Finn,U12 - U16,ZSV Clubmeisterschaft,Parallelslalom,Hoch Ybrig,,2025-03-22,https://www.swiss-ski-kwo.ch/tk/ranglisten/2025/1400.pdf
Stöckenius Lars,U11,ZSV Clubmeisterschaft,Parallelslalom,Hoch Ybrig,,2025-03-22,https://www.swiss-ski-kwo.ch/tk/ranglisten/2025/1400.pdf
Stöckenius Till,U11,ZSV Clubmeisterschaft,Parallelslalom,Hoch Ybrig,,2025-03-22,https://www.swiss-ski-kwo.ch/tk/ranglisten/2025/1400.pdf
Andris Niklas,U9 Knaben,15. OBERLINSPORT RACE 2025,Riesenslalom,Hoch-Ybrig (ZSV),19,2025-03-23,https://www.swiss-ski-kwo.ch/tk/ranglisten/2025/1422.pdf
Artho Emma,U14 Mädchen,15. OBERLINSPORT RACE 2025,Riesenslalom,Hoch-Ybrig (ZSV),12,2025-03-23,https://www.swiss-ski-kwo.ch/tk/ranglisten/2025/1422.pdf
Baumgartner Benjamin,U9 Knaben,15. OBERLINSPORT RACE 2025,Riesenslalom,Hoch-Ybrig (ZSV),8,2025-03-23,https://www.swiss-ski-kwo.ch/tk/ranglisten/2025/1422.pdf
Baumgartner Elisa,U12 Mädchen,15. OBERLINSPORT RACE 2025,Riesenslalom,Hoch-Ybrig (ZSV),2,2025-03-23,https://www.swiss-ski-kwo.ch/tk/ranglisten/2025/1422.pdf
Hensch Silvan,U11 Knaben,15. OBERLINSPORT RACE 2025,Riesenslalom,Hoch-Ybrig (ZSV),5,2025-03-23,https://www.swiss-ski-kwo.ch/tk/ranglisten/2025/1422.pdf
Kaifer Chiara Luana,U12 Mädchen,15. OBERLINSPORT RACE 2025,Riesenslalom,Hoch-Ybrig (ZSV),3,2025-03-23,https://www.swiss-ski-kwo.ch/tk/ranglisten/2025/1422.pdf
Kaifer Cédric Andrin,U11 Knaben,15. OBERLINSPORT RACE 2025,Riesenslalom,Hoch-Ybrig (ZSV),12,2025-03-23,https://www.swiss-ski-kwo.ch/tk/ranglisten/2025/1422.pdf
Simmerle Roland,Ü40 Herren,15. OBERLINSPORT RACE 2025,Riesenslalom,Hoch-Ybrig (ZSV),5,2025-03-23,https://www.swiss-ski-kwo.ch/tk/ranglisten/2025/1422.pdf
Stöckenius Lars,U11 Knaben,15. OBERLINSPORT RACE 2025,Riesenslalom,Hoch-Ybrig (ZSV),8,2025-03-23,https://www.swiss-ski-kwo.ch/tk/ranglisten/2025/1422.pdf
Stöckenius Till,U11 Knaben,15. OBERLINSPORT RACE 2025,Riesenslalom,Hoch-Ybrig (ZSV),14,2025-03-23,https://www.swiss-ski-kwo.ch/tk/ranglisten/2025/1422.pdf
Aliyah Roshardt,MU16,RLZM Mobiliar Cup JO Rennen 7 2025,Slalom,Parpan (Proschieri),2,2025-03-23,https://www.swiss-ski-kwo.ch/tk/ranglisten/2025/1544.pdf
Anna Denecke,MU12,RLZM Mobiliar Cup JO Rennen 7 2025,Slalom,Parpan (Proschieri),8,2025-03-23,https://www.swiss-ski-kwo.ch/tk/ranglisten/2025/1544.pdf
Mael Börlin,KU12,RLZM Mobiliar Cup JO Rennen 7 2025,Slalom,Parpan (Proschieri),2,2025-03-23,https://www.swiss-ski-kwo.ch/tk/ranglisten/2025/1544.pdf
BÖRLIN Mael,KU12,RLZM Mobiliar Cup JO Rennen 8 2025,Slalom,Parpan (Proschieri),3,2025-03-23,https://www.swiss-ski-kwo.ch/tk/ranglisten/2025/1545.pdf
DENECKE Anna,MU12,RLZM Mobiliar Cup JO Rennen 8 2025,Slalom,Parpan (Proschieri),10,2025-03-23,https://www.swiss-ski-kwo.ch/tk/ranglisten/2025/1545.pdf
ROSHARDT Aliyah,MU16,RLZM Mobiliar Cup JO Rennen 8 2025,Slalom,Parpan (Proschieri),2,2025-03-23,https://www.swiss-ski-kwo.ch/tk/ranglisten/2025/1545.pdf
Baumgartner Melicia,MU14,SST Menzli Sport JO CUP 7 Final,Riesenslalom,Laax,5,2025-03-23,https://www.swiss-ski-kwo.ch/tk/ranglisten/2025/1526.pdf
Hensch Pascal,KU14,SST Menzli Sport JO CUP 7 Final,Riesenslalom,Laax,17,2025-03-23,https://www.swiss-ski-kwo.ch/tk/ranglisten/2025/1526.pdf
Simmerle Finn,KU16,SST Menzli Sport JO CUP 7 Final,Riesenslalom,Laax,4,2025-03-23,https://www.swiss-ski-kwo.ch/tk/ranglisten/2025/1526.pdf
Baumgartner Melicia,MU14,SST Menzli Sport JO CUP 8 Final,Riesenslalom,Laax,5,2025-03-23,https://www.swiss-ski-kwo.ch/tk/ranglisten/2025/1532.pdf
Hensch Pascal,KU14,SST Menzli Sport JO CUP 8 Final,Riesenslalom,Laax,DNF,2025-03-23,https://www.swiss-ski-kwo.ch/tk/ranglisten/2025/1532.pdf
Simmerle Finn,KU16,SST Menzli Sport JO CUP 8 Final,Riesenslalom,Laax,5,2025-03-23,https://www.swiss-ski-kwo.ch/tk/ranglisten/2025/1532.pdf
Finn Simmerle,KU16,"61. Liechtensteinischen Jugendmeisterschaften, 9. MTF Cup / 9. Altherr Trucks & Vans JO Cup",Slalom,Malbun,DNF,2025-03-30,https://www.swiss-ski-kwo.ch/tk/ranglisten/2025/1135.pdf
Mael Börlin,KU12,"61. Liechtensteinischen Jugendmeisterschaften, 9. MTF Cup / 9. Altherr Trucks & Vans JO Cup",Slalom,Malbun,3,2025-03-30,https://www.swiss-ski-kwo.ch/tk/ranglisten/2025/1135.pdf
Baumgartner Benjamin,Knaben 2017,Grand Prix Migros Finale,Combi Race,Davos,30,2025-04-05,https://www.swiss-ski-kwo.ch/tk/ranglisten/2025/1065.pdf
Baumgartner Elisa,Mädchen 2013,Grand Prix Migros Finale,Combi Race,Davos,36,2025-04-05,https://www.swiss-ski-kwo.ch/tk/ranglisten/2025/1065.pdf
Czermak Lara,Mädchen 2017,Grand Prix Migros Finale,Combi Race,Davos,3,2025-04-05,https://www.swiss-ski-kwo.ch/tk/ranglisten/2025/1065.pdf
Kaifer Cédric,Knaben 2015,Grand Prix Migros Finale,Combi Race,Davos,27,2025-04-05,https://www.swiss-ski-kwo.ch/tk/ranglisten/2025/1065.pdf
Roshardt Aliyah,Filles 2010,Grand Prix Migros Finale,Riesenslalom,Davos,DNF,2025-04-05,https://www.swiss-ski-kwo.ch/tk/ranglisten/2025/1064.pdf
Mael Börlin,Knaben U12,18. Internationaler Pizol Riesenslalom,Riesenslalom,Pizol - Wangs,9,2025-04-06,https://www.swiss-ski-kwo.ch/tk/ranglisten/2025/1121.pdf
Aliyah Roshardt,Mädchen / Filles 2010,Grand Prix Migros Finale,Combi Race,Davos,10,2025-04-06,https://www.swiss-ski-kwo.ch/tk/ranglisten/2025/1066.pdf
Baumgartner Benjamin,Knaben / Garçons 2017,Grand Prix Migros Finale,Riesenslalom,Davos,33,2025-04-06,https://www.swiss-ski-kwo.ch/tk/ranglisten/2025/1067.pdf
Baumgartner Elisa,Mädchen / Filles 2013,Grand Prix Migros Finale,Riesenslalom,Davos,32,2025-04-06,https://www.swiss-ski-kwo.ch/tk/ranglisten/2025/1067.pdf
Czermak Lara,Mädchen / Filles 2017,Grand Prix Migros Finale,Riesenslalom,Davos,4,2025-04-06,https://www.swiss-ski-kwo.ch/tk/ranglisten/2025/1067.pdf
Kaifer Cédric,Knaben / Garçons 2015,Grand Prix Migros Finale,Riesenslalom,Davos,36,2025-04-06,https://www.swiss-ski-kwo.ch/tk/ranglisten/2025/1067.pdf
Mael Börlin,Knaben U12,SSW Raiffeisen Cup Nr.8,Riesenslalom,Pizol - Wangs,9,2025-04-06,https://www.swiss-ski-kwo.ch/tk/ranglisten/2025/1119.pdf
"Rangliste Meiringen-Hasliberg, 04.01.2025",,Rangliste Meiringen-Hasliberg,,2025-01-04,https://www.swiss-ski-kwo.ch/tk/ranglisten/2025/1070.pdf,,
